Price_Date,QQQ,NVDA,XLK,VTI
4/2/2018,155.51,221.05,63.86,132.63
4/3/2018,157.26,225.35,64.49,134.28
4/4/2018,159.74,226.24,65.39,135.79
4/5/2018,160.65,221.38,65.66,136.74
4/6/2018,156.63,214.25,64.05,133.87
4/9/2018,157.73,215.41,64.55,134.32
4/10/2018,161.21,227.91,66.14,136.5
4/11/2018,160.28,226.24,65.75,135.87
4/12/2018,162.21,234.6,66.54,136.97
4/13/2018,161.37,231.5,66.32,136.58
4/16/2018,162.6,231.49,66.83,137.72
4/17/2018,166.1,237.54,68.07,139.17
4/18/2018,166.44,236.37,67.89,139.36
4/19/2018,164.91,229.04,67.14,138.6
4/20/2018,162.3,228.71,66.21,137.5
4/23/2018,161.89,223.88,65.97,137.45
4/24/2018,158.46,221.2,64.82,135.8
4/25/2018,158.65,216.66,64.83,135.95
4/26/2018,161.99,225.22,66.01,137.24
4/27/2018,162.09,226.33,65.89,137.33
4/30/2018,160.94,224.9,65.46,136.33
5/1/2018,162.78,227.14,66.28,136.54
5/2/2018,161.82,226.31,66.21,135.75
5/3/2018,161.8,232.99,66.36,135.38
5/4/2018,164.87,239.06,67.62,137.13
5/7/2018,166.24,248.68,68.09,137.73
5/8/2018,166.07,250.4,68.24,137.78
5/9/2018,167.88,255.78,69.08,139.08
5/10/2018,169.62,260.13,69.98,140.29
5/11/2018,169.46,254.53,69.88,140.57
5/14/2018,169.75,255.36,69.87,140.64
5/15/2018,167.87,245.56,69.21,139.79
5/16/2018,168.98,246.01,69.52,140.47
5/17/2018,168.33,247.71,69.16,140.51
5/18/2018,167.46,245.94,68.87,140.2
5/21/2018,168.4,244.24,69.47,141.25
5/22/2018,168.18,242.7,69.37,140.73
5/23/2018,169.6,247.54,69.88,141.1
5/24/2018,169.55,247.69,69.8,140.87
5/25/2018,169.72,249.28,69.75,140.6
5/29/2018,168.97,248.59,69.37,139.21
5/30/2018,170.18,252.99,69.88,141.01
5/31/2018,170.07,252.19,69.9,140.04
6/1/2018,172.74,257.62,71.09,141.5
6/4/2018,174.3,264.85,71.66,142.16
6/5/2018,174.84,265.07,71.91,142.37
6/6/2018,175.86,265.15,72.38,143.63
6/7/2018,174.43,262.9,71.8,143.42
6/8/2018,174.44,262.28,71.68,143.91
6/11/2018,174.91,260.62,71.76,144.12
6/12/2018,175.83,262.58,72.11,144.42
6/13/2018,175.82,262.4,71.74,143.88
6/14/2018,177.6,266.91,72.25,144.29
6/15/2018,176.98,265.26,71.72,144.15
6/18/2018,176.5,265.09,71.8,143.99
6/19/2018,176,260.17,71.43,143.51
6/20/2018,177.25,262.31,71.58,143.84
6/21/2018,175.71,257.11,71.03,142.85
6/22/2018,175.32,250.95,70.8,142.45
6/25/2018,171.37,239.12,69.33,140.45
6/26/2018,172.07,241.99,69.61,140.77
6/27/2018,169.73,235.72,68.66,139.46
6/28/2018,171.19,240.86,69.5,140.33
6/29/2018,171.65,236.9,69.47,140.43
7/2/2018,172.8,242.24,70.09,140.77
7/3/2018,170.8,236.84,69.26,140.41
7/5/2018,172.92,242.73,70.24,141.6
7/6/2018,175.61,247.33,71.06,142.79
7/9/2018,177.19,249.25,71.6,144.09
7/10/2018,177.32,253.25,71.77,144.46
7/11/2018,176.42,247.53,71.49,143.43
7/12/2018,179.46,251.23,72.62,144.61
7/13/2018,179.61,249.32,72.54,144.7
7/16/2018,179.18,248.2,72.37,144.47
7/17/2018,180.27,253.69,72.91,145.13
7/18/2018,179.93,251.7,72.79,145.45
7/19/2018,179.03,252.03,72.53,145.1
7/20/2018,178.99,250.89,72.55,144.84
7/23/2018,179.56,249.41,72.92,145.07
7/24/2018,180.3,248.71,73.32,145.39
7/25/2018,182.82,251.87,74.24,146.63
7/26/2018,180.05,254.84,73.1,146.39
7/27/2018,177.62,252.02,71.85,145.22
7/30/2018,175.11,244.13,70.73,144.27
7/31/2018,176.45,244.86,70.92,145.09
8/1/2018,177.12,246.47,71.56,144.92
8/2/2018,179.53,250.62,72.46,145.78
8/3/2018,180.08,252.1,72.72,146.27
8/6/2018,181.14,254.03,73.11,146.93
8/7/2018,181.8,256.95,73.39,147.41
8/8/2018,182.02,258.42,73.59,147.27
8/9/2018,181.91,256.46,73.62,147.17
8/10/2018,180.52,254.79,73.03,146.25
8/13/2018,180.32,256.12,72.93,145.69
8/14/2018,181.45,261.43,73.38,146.65
8/15/2018,179.23,259.08,72.72,145.49
8/16/2018,179.82,257.44,73.04,146.63
8/17/2018,179.86,244.82,73.15,147.17
8/20/2018,179.7,247.84,73.04,147.45
8/21/2018,180.36,253.32,73.16,148
8/22/2018,181.06,262.82,73.38,148.05
8/23/2018,180.8,266.84,73.54,147.76
8/24/2018,182.48,272.22,74.28,148.68
8/27/2018,184.34,275.9,74.96,149.75
8/28/2018,184.61,274.38,75.09,149.84
8/29/2018,186.74,278.49,75.77,150.63
8/30/2018,186.41,277.81,75.54,150.01
8/31/2018,186.65,280.68,75.6,150.07
9/4/2018,185.85,283.7,75.31,149.86
9/5/2018,183.45,278.42,74.37,149.37
9/6/2018,181.81,272.72,73.83,148.92
9/7/2018,181.11,271.86,73.58,148.58
9/10/2018,181.72,274.73,73.81,148.9
9/11/2018,183.12,272.8,74.44,149.4
9/12/2018,182.58,268.2,74.13,149.41
9/13/2018,184.53,271.34,75,150.16
9/14/2018,183.99,276.43,74.94,150.28
9/17/2018,181.34,273.93,74,149.33
9/18/2018,182.84,271.02,74.47,150.13
9/19/2018,182.7,271.98,74.28,150.15
9/20/2018,184.72,266.28,75.16,151.31
9/21/2018,183.71,263.45,74.61,151.16
9/24/2018,183.89,265.7,74.98,150.61
9/25/2018,184.14,268.41,74.89,150.53
9/26/2018,184.27,266.92,74.61,149.95
9/27/2018,185.83,267.4,75.05,150.3
9/28/2018,185.79,281.02,75.33,149.65
10/1/2018,186.17,289.36,75.69,149.88
10/2/2018,185.75,286.48,75.7,149.66
10/3/2018,185.95,286.73,75.93,149.86
10/4/2018,182.38,279.29,74.56,148.59
10/5/2018,180.15,269.86,73.62,147.63
10/8/2018,179.05,265.77,72.79,147.52
10/9/2018,179.63,265.54,73.05,147.26
10/10/2018,171.73,245.69,69.51,142.57
10/11/2018,169.6,235.13,68.63,139.53
10/12/2018,174.32,246.54,70.83,141.37
10/15/2018,172.21,235.38,69.67,140.74
10/16/2018,177.22,245.83,71.77,143.84
10/17/2018,177.29,243.06,71.44,143.8
10/18/2018,173.18,239.53,70.04,141.72
10/19/2018,173.02,229.17,70.01,141.35
10/22/2018,173.91,231.22,70.59,140.79
10/23/2018,173.27,221.06,70.32,139.96
10/24/2018,165.34,199.41,67.17,135.61
10/25/2018,171.06,207.84,69.48,138.16
10/26/2018,166.66,198.29,68.09,135.77
10/29/2018,163.23,185.62,66.94,135.02
10/30/2018,165.92,203,67.69,137.13
10/31/2018,169.82,210.83,69.3,138.56
11/1/2018,172.06,218.11,70.11,140.13
11/2/2018,169.38,214.92,68.74,139.56
11/5/2018,168.96,211.77,68.67,140.24
11/6/2018,170.24,211.06,69.1,141.04
11/7/2018,175.58,213.79,71.13,143.92
11/8/2018,174.46,205.99,71.07,143.64
11/9/2018,171.52,205.67,69.84,142.17
11/12/2018,166.33,189.54,67.38,139.44
11/13/2018,166.47,199.31,67.46,139.24
11/14/2018,165.2,197.19,66.65,138.22
11/15/2018,168.09,202.39,68.32,139.78
11/16/2018,167.5,164.43,68.21,140.08
11/19/2018,162.06,144.7,65.61,137.65
11/20/2018,159.16,149.08,64.2,135.2
11/21/2018,160.37,144.71,64.67,135.86
11/23/2018,159.21,145,64.08,135.13
11/26/2018,162.89,153.05,65.53,137.23
11/27/2018,163.44,153.73,65.66,137.4
11/28/2018,168.7,160.07,67.96,140.6
11/29/2018,168.15,157.36,67.3,140.34
11/30/2018,169.37,163.43,67.94,141.35
12/3/2018,172.33,170.04,69.44,143
12/4/2018,165.72,157.11,66.81,138.33
12/6/2018,166.89,158.29,66.96,138.16
12/7/2018,161.38,147.61,64.6,134.9
12/10/2018,163.07,151.86,65.49,135.05
12/11/2018,163.61,148.19,65.57,135.02
12/12/2018,165.05,148.9,66.08,135.79
12/13/2018,165.1,148.89,66.19,135.46
12/14/2018,161.08,146.45,64.57,133.12
12/17/2018,157.43,143.58,63.2,130.28
12/18/2018,158.42,146.94,63.7,130.24
12/19/2018,154.53,138.51,62.44,128.24
12/20/2018,152.29,135.1,61.32,126.17
12/21/2018,147.57,129.57,59.2,123.49
12/24/2018,143.5,127.08,57.62,119.7
12/26/2018,152.46,133.1,61.1,125.46
12/27/2018,153.05,131.17,61.54,126.59
12/28/2018,152.97,133.65,61.4,126.43
12/31/2018,154.26,133.5,61.98,127.63
1/2/2019,154.88,136.22,62.02,127.73
1/3/2019,149.82,127.99,58.89,124.77
1/4/2019,156.23,136.19,61.5,128.9
1/7/2019,158.09,143.4,62.05,130.2
1/8/2019,159.52,139.83,62.57,131.54
1/9/2019,160.82,142.58,63.38,132.16
1/10/2019,161.28,145.23,63.66,132.81
1/11/2019,160.69,148.83,63.54,132.84
1/14/2019,159.27,150.44,62.95,132
1/15/2019,162.38,149.87,63.9,133.44
1/16/2019,162.35,148.84,63.96,133.82
1/17/2019,163.63,151.72,64.37,134.9
1/18/2019,165.25,156.93,65.35,136.65
1/22/2019,161.94,148.77,64.25,134.78
1/23/2019,162.15,149.29,64.47,134.92
1/24/2019,163.2,157.84,65.01,135.2
1/25/2019,165.15,160.15,65.93,136.47
1/28/2019,163.11,138.01,65.05,135.47
1/29/2019,161.57,131.6,64.35,135.28
1/30/2019,165.68,137.39,66.35,137.32
1/31/2019,168.16,143.75,66.28,138.53
2/1/2019,167.45,144.73,66.67,138.73
2/4/2019,169.53,149.18,67.74,139.72
2/5/2019,171.03,149.95,68.31,140.3
2/6/2019,170.52,153,68.54,140.16
2/7/2019,168.23,147.42,67.6,138.83
2/8/2019,168.56,148.17,67.99,138.97
2/11/2019,168.4,146.45,67.96,139.26
2/12/2019,170.89,151.17,68.86,141
2/13/2019,171.01,152.88,68.95,141.44
2/14/2019,171.22,154.53,69.07,141.19
2/15/2019,171.94,157.34,69.62,142.74
2/19/2019,172.28,156.64,69.64,143.02
2/20/2019,172.25,158.55,69.72,143.32
2/21/2019,171.62,155.77,69.75,142.83
2/22/2019,172.89,159.19,70.64,143.77
2/25/2019,173.52,158.69,70.98,143.98
2/26/2019,173.7,157.1,71.13,143.71
2/27/2019,173.59,155.41,71.06,143.76
2/28/2019,173.19,154.26,70.86,143.46
3/1/2019,174.39,156.45,71.34,144.42
3/4/2019,174.42,156.78,71.07,143.75
3/5/2019,174.55,156.52,70.86,143.48
3/6/2019,173.56,152.05,70.49,142.39
3/7/2019,171.43,149.26,69.82,141.28
3/8/2019,171.17,150.64,69.81,140.99
3/11/2019,174.73,161.14,71.31,143.06
3/12/2019,175.69,162.52,71.73,143.54
3/13/2019,177.01,168.62,72.2,144.46
3/14/2019,176.71,165.56,72.35,144.34
3/15/2019,178.35,169.81,72.99,145.01
3/18/2019,178.45,168.95,73.3,145.55
3/19/2019,179.05,175.71,73.45,145.52
3/20/2019,179.76,174.4,73.25,144.92
3/21/2019,182.57,183.94,75.09,146.62
3/22/2019,178.56,177.5,73.32,143.56
3/25/2019,178.22,173.78,73,142.69
3/26/2019,179.05,176.87,73.4,143.79
3/27/2019,177.9,176.5,72.98,143.13
3/28/2019,178.31,177.25,73.28,143.76
3/29/2019,179.66,179.56,74,144.71
4/1/2019,182.04,182.28,75.01,146.39
4/2/2019,182.73,183,75.27,146.38
4/3/2019,183.78,188.62,75.88,146.73
4/4/2019,183.71,188.26,75.56,147.04
4/5/2019,184.66,190.95,75.92,147.78
4/8/2019,185.13,191.79,76.21,147.91
4/9/2019,184.48,189.26,75.85,147.02
4/10/2019,185.47,192.1,76.38,147.7
4/11/2019,185.03,191.54,76.28,147.69
4/12/2019,185.83,190.01,76.81,148.68
4/15/2019,185.86,184.7,76.78,148.56
4/16/2019,186.5,188.21,77.17,148.6
4/17/2019,187.15,187.29,77.6,148.05
4/18/2019,187.39,186.3,77.82,148.27
4/22/2019,187.92,188.47,78,148.31
4/23/2019,190.31,190.67,78.85,149.8
4/24/2019,189.71,191.17,78.88,149.6
4/25/2019,190.48,186.91,78.86,149.35
4/26/2019,190.65,178.09,78.56,150.16
4/29/2019,191.02,179.33,78.58,150.38
4/30/2019,189.54,181,78.71,150.39
5/1/2019,188.93,180.47,78.51,149.27
5/2/2019,188.11,183.19,78.1,149.02
5/3/2019,191.11,183.01,78.84,150.63
5/6/2019,189.94,179.85,78.23,150.15
5/7/2019,186.24,173.11,76.55,147.56
5/8/2019,185.77,173.92,76.46,147.32
5/9/2019,184.77,170.19,75.94,146.85
5/10/2019,185,168.82,76.18,147.53
5/13/2019,178.58,158.45,73.31,143.8
5/14/2019,180.54,162.04,74.49,145.1
5/15/2019,183.09,159.58,75.3,145.96
5/16/2019,184.93,160.19,75.99,147.28
5/17/2019,183.04,156.53,75.38,146.24
5/20/2019,179.95,151.75,74.07,145.2
5/21/2019,181.83,155.06,74.98,146.62
5/22/2019,181.02,152.2,74.59,146.09
5/23/2019,178.25,147.32,73.28,144.23
5/24/2019,178.16,145.15,73.3,144.58
5/28/2019,177.49,143.33,73.09,143.31
5/29/2019,176.03,140.34,72.66,142.33
5/30/2019,176.77,139.11,73.11,142.61
5/31/2019,173.95,135.46,71.89,140.69
6/3/2019,170.12,133.78,70.63,140.41
6/4/2019,174.91,143,72.99,143.56
6/5/2019,176.21,141.28,73.94,144.66
6/6/2019,177.61,143.78,74.8,145.47
6/7/2019,181.04,145.5,76.19,146.79
6/10/2019,183.15,148.43,76.97,147.61
6/11/2019,183.4,150.75,76.97,147.47
6/12/2019,182.34,146.2,76.54,147.27
6/13/2019,183.42,148.26,76.77,147.95
6/14/2019,182.64,144.64,76.1,147.63
6/17/2019,183.74,145.03,76.16,147.19
6/18/2019,186.41,152.88,77.54,148.8
6/19/2019,187.11,153.12,77.82,149.31
6/20/2019,188.85,154.1,78.96,150.68
6/21/2019,188.57,151.76,78.31,150.7
6/24/2019,188.16,152.66,78.46,149.86
6/25/2019,184.93,151.48,77.02,148.44
6/26/2019,185.79,159.26,77.85,148.16
6/27/2019,186.5,163.23,78.05,149.05
6/28/2019,186.74,164.23,78.04,150.09
7/1/2019,189.26,166.17,79.28,151.15
7/2/2019,190.01,162.23,79.49,151.5
7/3/2019,191.44,162.75,80.1,152.64
7/5/2019,191.05,160.23,79.95,152.55
7/8/2019,189.71,157.21,79.34,151.73
7/9/2019,190.66,157.31,79.62,152
7/10/2019,192.56,160.06,80.25,152.62
7/11/2019,192.42,166.28,80.55,152.83
7/12/2019,193.53,167.61,81.14,153.61
7/15/2019,194.15,167.27,81.41,153.51
7/16/2019,193.15,167.08,80.65,153.12
7/17/2019,192.2,169.71,80.44,152.11
7/18/2019,192.42,170.18,81.04,152.67
7/19/2019,191.01,168.44,80.69,151.8
7/22/2019,192.53,171.32,81.62,152.16
7/23/2019,193.79,175.66,82.07,153.18
7/24/2019,195.15,178.66,82.75,154.12
7/25/2019,193.3,173.38,82.41,153.3
7/26/2019,195.29,175.07,82.59,154.41
7/29/2019,194.62,174.82,82.54,154.04
7/30/2019,193.78,175.45,82.01,153.89
7/31/2019,191.1,168.72,80.77,152.21
8/1/2019,190.15,164.92,80.36,150.8
8/2/2019,187.35,161.19,79.05,149.58
8/5/2019,180.73,150.79,75.75,145.14
8/6/2019,183.26,152.35,77.01,147.03
8/7/2019,184.25,153.89,77.49,147.19
8/8/2019,188.26,158.26,79.39,149.99
8/9/2019,186.49,154.18,78.49,148.92
8/12/2019,184.35,151.45,77.46,147.08
8/13/2019,188.39,156.05,79.4,149.18
8/14/2019,182.76,150.07,76.96,144.87
8/15/2019,182.55,148.77,76.82,145.14
8/16/2019,185.48,159.56,78.28,147.34
8/19/2019,188.43,170.78,79.47,149.09
8/20/2019,186.97,167.87,79.07,147.95
8/21/2019,188.63,171.23,80,149.2
8/22/2019,188.02,171.48,79.81,149.07
8/23/2019,182.07,162.44,77.17,145.31
8/26/2019,184.82,165.45,78.24,146.78
8/27/2019,184.43,161.8,78.12,146.1
8/28/2019,185.09,161.22,78.19,147.14
8/29/2019,187.92,167,79.55,149.09
8/30/2019,187.47,167.51,79.53,149.04
9/3/2019,185.65,164.17,78.56,148.07
9/4/2019,188.33,168.76,79.9,149.65
9/5/2019,191.78,179.74,81.57,151.65
9/6/2019,191.59,178.65,81.5,151.68
9/9/2019,191.19,180.5,80.89,151.77
9/10/2019,190.64,183.18,80.48,151.92
9/11/2019,192.43,184.33,81.32,153.16
9/12/2019,193.23,184.27,81.76,153.62
9/13/2019,192.54,181.94,81.16,153.47
9/16/2019,191.68,180.21,80.96,152.46
9/17/2019,192.6,181.07,81.29,152.83
9/18/2019,192.52,179.98,81.28,152.81
9/19/2019,192.84,176.94,81.46,152.71
9/20/2019,190.8,172.69,80.26,152.04
9/23/2019,190.5,174.84,80.51,152.12
9/24/2019,187.97,172.53,79.73,150.71
9/25/2019,190.08,178.23,80.68,151.66
9/26/2019,189.38,177.34,80.77,151.2
9/27/2019,187.03,171.76,79.69,150.3
9/30/2019,188.81,174.07,80.53,151
10/1/2019,187.27,174,79.78,149.03
10/2/2019,184.05,173.04,78.28,146.61
10/3/2019,186.07,181.31,79.24,147.8
10/4/2019,188.81,181.97,80.55,149.73
10/7/2019,188.24,184.33,80.21,149.14
10/8/2019,185.42,177.23,78.74,146.73
10/9/2019,187.23,180.71,79.91,148.08
10/10/2019,188.68,183.03,80.46,149.03
10/11/2019,191.11,185.99,81.57,150.63
10/14/2019,191.09,186.53,81.52,150.49
10/15/2019,193.52,196.37,82.42,151.97
10/16/2019,193.04,194.21,81.85,151.69
10/17/2019,193.55,194.29,81.69,152.19
10/18/2019,191.69,190.49,80.91,151.58
10/21/2019,193.39,196.01,81.78,152.57
10/22/2019,191.85,195.61,80.68,152.11
10/23/2019,192.22,195.09,80.75,152.42
10/24/2019,194.09,196.86,81.93,152.84
10/25/2019,195.64,204.54,82.92,153.45
10/28/2019,197.57,206.79,83.97,154.38
10/29/2019,196.04,202.92,83.21,154.35
10/30/2019,196.99,203,83.72,154.72
10/31/2019,197.08,201.02,83.67,154.18
11/1/2019,198.87,202.59,84.67,155.83
11/4/2019,200.1,210.5,85.11,156.4
11/5/2019,200.21,209.61,85.01,156.26
11/6/2019,199.76,207.63,84.97,156.19
11/7/2019,200.43,208.34,85.64,156.72
11/8/2019,201.23,207.78,86.12,157.16
11/11/2019,200.96,208.18,86.16,156.85
11/12/2019,201.54,209.61,86.45,157.12
11/13/2019,201.59,208.57,86.64,157.19
11/14/2019,201.43,209.79,86.54,157.35
11/15/2019,202.91,204.19,87.24,158.55
11/18/2019,203.07,212.28,87.5,158.64
11/19/2019,203.37,207.99,87.67,158.69
11/20/2019,202.15,211.18,87.14,158.19
11/21/2019,201.7,210.18,86.7,157.79
11/22/2019,201.83,210.89,86.59,158.14
11/25/2019,204.22,221.21,87.85,159.64
11/26/2019,204.61,217,87.93,159.98
11/27/2019,206.04,218.24,88.42,160.74
11/29/2019,205.1,216.74,88.16,160.02
12/2/2019,203,209.25,86.9,158.57
12/3/2019,201.41,207.66,86.13,157.63
12/4/2019,202.43,209.42,86.48,158.65
12/5/2019,202.83,208.74,86.8,158.88
12/6/2019,205,212.17,87.76,160.29
12/9/2019,204.07,212.17,87.3,159.78
12/10/2019,203.9,213.98,87.37,159.64
12/11/2019,204.98,217.34,87.96,160.02
12/12/2019,206.51,224.07,88.9,161.33
12/13/2019,207.19,223.99,89.49,161.33
12/16/2019,209.27,225.15,90.29,162.51
12/17/2019,209.39,228.29,90.08,162.57
12/18/2019,209.55,229.51,90.07,162.64
12/19/2019,210.86,235.46,90.72,163.35
12/20/2019,211.71,239.37,90.95,164.19
12/23/2019,211.81,238.82,91.21,164.29
12/24/2019,211.92,238.62,91.24,163.44
12/26/2019,213.79,239.19,91.92,164.23
12/27/2019,213.61,236.87,91.91,164.08
12/30/2019,212.21,232.32,91.38,163.19
12/31/2019,212.61,235.3,91.67,163.62
1/2/2020,216.16,239.91,93.39,164.98
1/3/2020,214.18,236.07,92.34,163.93
1/6/2020,215.56,237.06,92.56,164.49
1/7/2020,215.53,239.93,92.52,164.1
1/8/2020,217.15,240.38,93.51,164.91
1/9/2020,218.99,243.02,94.57,165.94
1/10/2020,218.43,244.32,94.35,165.46
1/13/2020,220.95,251.98,95.53,166.59
1/14/2020,220.08,247.28,95.08,166.5
1/15/2020,220.17,245.57,95.19,166.91
1/16/2020,222.28,248.93,96.47,168.34
1/17/2020,223.38,249.28,97.12,168.76
1/21/2020,223.28,247.94,97.08,168.4
1/22/2020,223.87,250.05,97.43,168.5
1/23/2020,224.59,252.86,97.89,168.69
1/24/2020,222.7,250.48,97.43,167.09
1/27/2020,218.1,240.2,95.11,164.58
1/28/2020,221.45,247.97,96.93,166.17
1/29/2020,221.81,245.54,97.18,166.06
1/30/2020,222.6,245.81,98.02,166.46
1/31/2020,219.07,236.43,95.33,163.52
2/3/2020,222.38,240.33,96.59,164.96
2/4/2020,227.47,247.13,99.12,167.56
2/5/2020,228.22,250.76,99.7,169.21
2/6/2020,230.19,254.245,100.61,169.68
2/7/2020,229.2,251.59,99.69,168.71
2/10/2020,231.97,262.97,101.04,169.95
2/11/2020,232.01,267.89,100.7,170.42
2/12/2020,234.27,272.54,101.79,171.49
2/13/2020,233.97,270.78,101.52,171.42
2/14/2020,234.64,289.79,101.96,171.7
2/18/2020,234.73,296.57,101.58,171.3
2/19/2020,236.98,314.7,102.79,172.17
2/20/2020,234.78,308.7,101.72,171.65
2/21/2020,230.27,294.07,99.44,169.89
2/24/2020,221.39,273.28,95.33,164.3
2/25/2020,215.37,262.05,92.28,159.28
2/26/2020,216.48,267.65,92.7,158.4
2/27/2020,205.64,252.6,87.7,151.46
2/28/2020,205.8,270.07,88.37,150.44
3/2/2020,216.42,276.43,93.48,156.67
3/3/2020,209.48,265.89,89.93,152.63
3/4/2020,218.22,284.51,93.79,158.73
3/5/2020,211.59,273.29,90.83,153.44
3/6/2020,208.02,266.04,88.91,150.59
3/9/2020,193.57,245.44,82.16,138.5
3/10/2020,204.11,261.08,87.64,145.37
3/11/2020,195.22,246.47,83.5,138.01
3/12/2020,177.32,216.31,75.35,124.59
3/13/2020,192.34,240.84,84.19,135.93
3/16/2020,169.3,196.4,72.56,120.46
3/17/2020,182.14,217.27,77.5,126.5
3/18/2020,176.6,202.82,74.58,119.21
3/19/2020,177.66,212.97,74.85,120.09
3/20/2020,170.7,205.75,71.42,115.19
3/23/2020,170.46,212.69,70.4,111.91
3/24/2020,183.66,249.18,77.61,122.53
3/25/2020,182.3,245.62,77.51,124.22
3/26/2020,191.9,257.24,82.31,131.11
3/27/2020,185.3,252.73,78.59,126.93
3/30/2020,192.04,265.59,81.9,130.78
3/31/2020,190.4,263.6,80.37,128.91
4/1/2020,182.31,243.07,76.54,122.96
4/2/2020,186.01,255.47,78.33,125.52
4/3/2020,183.37,243.91,77.12,123.38
4/6/2020,196.48,268.4,83.7,132.01
4/7/2020,196.4,259.03,82.95,132.16
4/8/2020,200.57,266.95,85.18,136.8
4/9/2020,200.86,262.95,85.2,139.36
4/13/2020,203.03,269.85,85.39,137.7
4/14/2020,211.86,283.95,88.97,141.88
4/15/2020,209.43,280.84,87.03,138.55
4/16/2020,213.25,294.7,88.09,139.2
4/17/2020,215.29,292.32,89.26,143.14
4/20/2020,212.74,287.05,87.83,140.82
4/21/2020,204.89,269.51,84.15,136.45
4/22/2020,210.97,286.15,87.39,139.53
4/23/2020,210.52,284.01,86.79,139.55
4/24/2020,213.84,289.59,88.63,141.63
4/27/2020,215.56,297.08,89.39,144.14
4/28/2020,211.5,291.36,88.2,143.69
4/29/2020,219,298.46,91.82,147.76
4/30/2020,218.91,292.28,91.41,145.84
5/1/2020,212.74,282.78,88.9,141.81
5/4/2020,215.22,291.285,90.08,142.35
5/5/2020,217.66,293.74,91.32,143.67
5/6/2020,219,297.79,92.03,142.88
5/7/2020,221.82,304.87,93.41,144.75
5/8/2020,224.86,312.5,94.78,147.47
5/11/2020,226.87,322.62,95.41,147.49
5/12/2020,222.12,312.1,93.44,144.35
5/13/2020,219.34,311.2,91.83,141.45
5/14/2020,221.83,321.22,93,142.97
5/15/2020,223.27,339.63,93.47,143.83
5/18/2020,227.43,350.01,95.76,148.6
5/19/2020,226.86,352.22,95.41,147.02
5/20/2020,231.39,358.8,97.5,149.74
5/21/2020,228.87,351.01,96.14,148.84
5/22/2020,229.66,361.05,96.49,149.26
5/26/2020,229.04,348.71,96.39,151.34
5/27/2020,230.29,341.01,96.94,153.73
5/28/2020,229.99,339.48,96.75,153.2
5/29/2020,233.36,355.02,97.97,153.71
6/1/2020,234.06,352.25,97.94,154.75
6/2/2020,235.63,353.01,98.86,155.92
6/3/2020,236.69,350.78,99.63,158.35
6/4/2020,235.03,350.66,98.81,157.85
6/5/2020,239.69,356.8,101.41,161.9
6/8/2020,241.55,352.2,101.92,164.1
6/9/2020,243.3,361.84,102.4,162.6
6/10/2020,246.22,374.67,104.11,161.39
6/11/2020,234.02,351.85,98.14,151.87
6/12/2020,235.88,357.3,99.41,153.97
6/15/2020,238.75,366.95,100.37,155.62
6/16/2020,242.85,362.74,102.51,158.61
6/17/2020,243.62,369.44,102.49,157.84
6/18/2020,244.28,368.72,102.95,157.97
6/19/2020,244.24,370.45,102.24,157.08
6/22/2020,246.74,381.07,103.88,158.17
6/23/2020,248.84,378,104.63,158.79
6/24/2020,243.71,369.42,102.27,154.48
6/25/2020,246.03,379.6,103.58,155.64
6/26/2020,240.22,366.2,101.54,152.02
6/29/2020,242.84,368,102.65,154.25
6/30/2020,247.6,379.91,104.49,156.53
7/1/2020,250.49,381.2,104.66,157.44
7/2/2020,252.19,384.49,105.27,158.07
7/6/2020,258.39,393.57,107.11,160.56
7/7/2020,256.61,394.87,105.99,158.93
7/8/2020,259.99,408.64,107.72,160.23
7/9/2020,262.18,420.36,108.11,159.24
7/10/2020,263.97,419.17,108.08,160.95
7/13/2020,258.54,402.09,105.84,159.21
7/14/2020,260.37,415.08,107.06,161.3
7/15/2020,260.9,409.09,107.64,163.3
7/16/2020,259.12,405.39,106.31,162.57
7/17/2020,259.42,408.06,106.83,163.19
7/20/2020,266.78,420.43,109.56,164.44
7/21/2020,264,413.14,108.46,164.91
7/22/2020,264.93,417.55,109.33,165.77
7/23/2020,258.01,405.19,106.49,163.96
7/24/2020,255.56,407.78,105.2,162.69
7/27/2020,260.12,416.86,106.86,164.09
7/28/2020,256.81,408.62,105.61,162.89
7/29/2020,259.77,418.62,107.14,165.05
7/30/2020,261.13,424.56,107.74,164.68
7/31/2020,265.79,424.59,110.43,165.52
8/3/2020,269.38,440.41,113.15,166.96
8/4/2020,270.38,449.11,113.44,167.62
8/5/2020,271.05,451.47,113.86,168.84
8/6/2020,274.64,453.42,115.46,169.66
8/7/2020,271.47,447.98,113.74,169.8
8/10/2020,270.31,446.6,113.42,170.27
8/11/2020,265.19,434,111.38,168.9
8/12/2020,271.86,457.61,113.91,171.16
8/13/2020,272.48,457.72,113.96,171.03
8/14/2020,272.16,462.56,113.88,170.98
8/17/2020,275.32,493.48,114.64,171.71
8/18/2020,277.97,490.43,115.07,171.97
8/19/2020,276.1,485.54,114.93,171.3
8/20/2020,279.93,485.64,116.46,171.79
8/21/2020,281.87,507.34,117.94,172.22
8/24/2020,283.63,508.81,118.96,173.87
8/25/2020,285.86,510,119.56,174.45
8/26/2020,291.96,510.92,121.99,176.03
8/27/2020,291.05,505.13,122.09,176.45
8/28/2020,292.53,525.91,123.16,177.68
8/31/2020,294.88,534.98,123.55,177.28
9/1/2020,299.92,552.84,125.91,178.85
9/2/2020,302.76,573.86,127.03,181.24
9/3/2020,287.41,520.62,119.79,174.94
9/4/2020,283.58,504.9,118.12,173.45
9/8/2020,269.95,476.52,112.78,168.58
9/9/2020,277.88,508.6,116.46,171.88
9/10/2020,272.34,492.47,113.83,169.06
9/11/2020,270.45,486.58,112.96,169.12
9/14/2020,275.16,514.89,115.33,171.76
9/15/2020,279.06,519.64,116.47,172.74
9/16/2020,274.61,500.58,114.67,172.17
9/17/2020,270.32,498.54,113.72,170.75
9/18/2020,266.87,487.57,111.76,169.09
9/21/2020,267.51,500.69,112.44,167.05
9/22/2020,272.48,505.51,114.22,168.71
9/23/2020,264.16,484.95,110.66,164.64
9/24/2020,265.39,493.92,111.28,164.99
9/25/2020,271.56,514.95,113.94,166.96
9/28/2020,277.2,521.4,116.12,169.99
9/29/2020,275.95,529.03,115.73,169.04
9/30/2020,277.84,541.22,116.7,170.31
10/1/2020,282.25,544.58,117.93,171.73
10/2/2020,274.31,522.49,114.94,170.39
10/5/2020,280.16,545.7,117.46,173.46
10/6/2020,275.16,549.46,115.64,171.32
10/7/2020,279.92,558.56,117.76,174.31
10/8/2020,281.41,553.55,118.37,175.84
10/9/2020,285.71,550.51,120.18,177.32
10/12/2020,294.53,569.04,123.46,179.95
10/13/2020,294.52,569.93,122.67,179
10/14/2020,292.06,563.81,122.02,177.81
10/15/2020,290.1,558.8,121.47,177.87
10/16/2020,288.51,552.46,121.12,177.55
10/19/2020,283.8,539.91,118.9,175.01
10/20/2020,284.41,545.82,119.31,175.62
10/21/2020,284.19,540.99,119.13,175.02
10/22/2020,284.18,534.44,118.57,176.26
10/23/2020,284.74,543.61,118.44,176.84
10/26/2020,280.47,525.65,115.87,173.63
10/27/2020,282.66,535.87,116.45,172.93
10/28/2020,271.64,505.08,111.51,167.2
10/29/2020,276.39,520.96,113.37,168.78
10/30/2020,269.38,501.36,110.86,166.99
11/2/2020,269.98,503.23,111.14,168.73
11/3/2020,274.65,520.78,113.1,171.97
11/4/2020,286.91,551.77,117.5,175.72
11/5/2020,294.39,566.4,121.15,179.35
11/6/2020,294.61,582.48,121.58,179.26
11/9/2020,288.59,545.23,120.7,181.39
11/10/2020,283.42,510.8,118.45,181.09
11/11/2020,289.76,536.72,121.26,182.56
11/12/2020,288.4,538.27,120.18,180.76
11/13/2020,290.93,531.88,121.2,183.32
11/16/2020,293.2,540.61,122.37,185.56
11/17/2020,292.27,536.89,121.69,185.14
11/18/2020,290.11,537.15,120.39,183.18
11/19/2020,292.38,537.61,121.36,184.2
11/20/2020,290.38,523.51,120.11,183.23
11/23/2020,290.39,525.6,120.08,184.73
11/24/2020,294.47,518.31,121.75,187.59
11/25/2020,296.28,529.39,122.01,187.52
11/27/2020,299.01,530.45,122.66,188.18
11/30/2020,299.62,536.06,123.48,186.7
12/1/2020,303.46,535.6,125.06,189.07
12/2/2020,303.85,541.78,124.87,189.23
12/3/2020,304.28,535.84,124.79,189.61
12/4/2020,305.52,542.33,126.04,191.51
12/7/2020,307.25,544.27,126.4,191.3
12/8/2020,308.29,534,126.81,192.13
12/9/2020,301.31,517.23,124.38,190.24
12/10/2020,302.52,518.89,124.56,190.52
12/11/2020,301.85,520.53,124.3,190.18
12/14/2020,304.04,532.35,124.75,189.64
12/15/2020,307.29,534.42,126.83,192.24
12/16/2020,308.98,529.7,127.69,192.51
12/17/2020,311,533.65,128.7,194.02
12/18/2020,310.06,530.88,128.25,193.47
12/21/2020,308.92,533.29,128.08,192.91
12/22/2020,309.76,531.13,129.19,192.95
12/23/2020,308.2,520.37,128.21,193.28
12/24/2020,309.56,519.75,129.06,192.82
12/28/2020,312.68,516,130.52,194.04
12/29/2020,312.96,517.73,129.9,193.23
12/30/2020,312.97,525.83,129.83,193.75
12/31/2020,313.74,522.2,130.02,194.64
1/4/2021,309.31,524.54,127.9,191.87
1/5/2021,311.86,536.19,128.73,193.42
1/6/2021,307.54,504.58,126.51,195.16
1/7/2021,314.98,533.76,129.92,198.29
1/8/2021,319.03,531.07,130.76,199.25
1/11/2021,314.42,544.86,129.68,198.06
1/12/2021,313.92,539.39,129.06,198.76
1/13/2021,316.04,541.27,129.88,198.98
1/14/2021,314.35,528.01,128.74,198.79
1/15/2021,311.86,514.38,127.42,197.06
1/19/2021,316.41,521.01,129.08,198.86
1/20/2021,323.77,534.63,131.64,201.37
1/21/2021,326.36,554.7,133.34,201.22
1/22/2021,325.42,548.5,132.83,200.89
1/25/2021,328.11,546.13,133.94,201.46
1/26/2021,328.59,537.41,134.03,200.73
1/27/2021,319.43,516.71,131.5,195.91
1/28/2021,321.32,522.04,132.04,197.45
1/29/2021,314.56,519.59,128.93,193.99
2/1/2021,322.42,529.48,132.16,197.3
2/2/2021,327.68,542.27,133.95,200.13
2/3/2021,326.38,541.22,133.49,200.43
2/4/2021,330.24,546.57,135.62,202.97
2/5/2021,331.36,543.64,135.32,204.11
2/8/2021,333.58,577.55,136.74,205.94
2/9/2021,333.51,570.53,136.58,206.02
2/10/2021,332.75,590.57,136.38,205.93
2/11/2021,334.58,610.03,137.88,206.42
2/12/2021,336.45,598.45,138.59,207.49
2/16/2021,335.54,613.21,138.14,207.12
2/17/2021,333.93,596.24,136.92,206.69
2/18/2021,332.47,593.16,136.25,205.5
2/19/2021,331.02,597.06,136.05,205.97
2/22/2021,322.44,574.23,133.05,204.01
2/23/2021,321.48,565.68,132.68,203.98
2/24/2021,324.13,579.96,134.71,206.27
2/25/2021,312.83,532.3,130,200.88
2/26/2021,314.14,548.58,130.69,200.08
3/1/2021,323.59,553.67,134.9,205.22
3/2/2021,318.4,536.25,132.76,203.29
3/3/2021,309.16,512.19,129.42,200.36
3/4/2021,304.1,494.81,126.56,197.19
3/5/2021,308.68,498.46,128.95,200.75
3/8/2021,299.94,463.73,125.83,199.77
3/9/2021,311.77,500.81,130.11,202.87
3/10/2021,310.88,498.73,129.59,204.32
3/11/2021,318.04,519.74,132.36,206.99
3/12/2021,315.46,514.24,131.41,207.4
3/15/2021,318.83,527.65,132.81,208.85
3/16/2021,320.58,531.65,133.81,208.01
3/17/2021,321.9,533.65,133.7,208.8
3/18/2021,312.04,508.9,129.99,205
3/19/2021,313.14,513.83,129.6,205.26
3/22/2021,318.61,527.45,131.87,206.37
3/23/2021,317.22,522.83,131.05,204.02
3/24/2021,311.87,505.72,129.46,202.33
3/25/2021,311.33,501.41,129.38,203.15
3/26/2021,316,513.57,132.67,206.47
3/29/2021,315.91,517.93,131.98,205.5
3/30/2021,314.32,514.87,130.73,205.44
3/31/2021,319.13,533.93,132.81,206.69
4/1/2021,324.57,552.47,135.48,209.28
4/5/2021,331.05,559.5,138.28,211.72
4/6/2021,330.82,554.46,137.69,211.8
4/7/2021,331.62,565.74,138.42,211.62
4/8/2021,335.08,572.68,140.42,212.85
4/9/2021,337.11,576,141.77,214.14
4/12/2021,336.67,608.36,141.09,214.2
4/13/2021,340.6,627.18,142.42,214.8
4/14/2021,336.51,611.08,140.91,214.32
4/15/2021,341.61,645.49,143.33,216.6
4/16/2021,342.01,636.5,143.3,217.15
4/19/2021,338.88,614.47,142.11,215.73
4/20/2021,336.41,606.85,140.85,213.75
4/21/2021,339.29,614.42,142.27,216.3
4/22/2021,335.2,594.01,140.6,214.61
4/23/2021,339.42,610.61,142.7,217.21
4/26/2021,341.63,619.12,143.43,218
4/27/2021,340.15,615.27,143.08,217.9
4/28/2021,339,611.07,141.75,217.87
4/29/2021,340.22,612.99,141.63,218.7
4/30/2021,337.99,600.38,139.7,217.1
5/3/2021,336.19,593.47,139.31,217.48
5/4/2021,330.14,574.05,136.81,215.85
5/5/2021,329.03,578.34,136.48,215.81
5/6/2021,331.51,580.92,137.85,216.91
5/7/2021,334.2,592.49,139.03,218.75
5/10/2021,325.76,570.63,135.52,216.18
5/11/2021,325.31,572.25,135.11,214.44
5/12/2021,316.89,550.34,131.31,209.61
5/13/2021,319.34,546.61,133.05,211.92
5/14/2021,326.39,569.72,135.98,215.54
5/17/2021,324.41,141.655,134.98,215.08
5/18/2021,322.22,140.1575,133.9,213.4
5/19/2021,322.59,140.6575,134.37,212.78
5/20/2021,328.83,146.125,136.94,215.09
5/21/2021,327.01,149.9175,136.19,214.97
5/24/2021,332.51,156.12,138.61,217.14
5/25/2021,332.97,156.4775,138.65,216.54
5/26/2021,334.13,157,138.64,217.32
5/27/2021,332.88,154.88,137.91,217.72
5/28/2021,333.93,162.445,138.4,218.09
6/1/2021,332.82,162.645,137.72,218.18
6/2/2021,333.47,167.7825,138.67,218.47
6/3/2021,330,169.6975,137.38,217.5
6/4/2021,335.6,175.7825,140.02,219.39
6/7/2021,336.6,176.19,139.99,219.57
6/8/2021,336.76,174.57,140,220.02
6/9/2021,336.84,173.5825,140.1,219.4
6/10/2021,340.35,174.25,141.13,220.37
6/11/2021,341.24,178.2525,141.97,221.02
6/14/2021,344.51,180.1875,143.41,221.36
6/15/2021,342.26,177.885,142.53,220.78
6/16/2021,341.01,178.1025,141.76,219.68
6/17/2021,345.34,186.5725,143.4,219.47
6/18/2021,342.63,186.3875,142.09,216.75
6/21/2021,344.36,184.2725,143.35,219.74
6/22/2021,347.57,188.8675,144.65,220.99
6/23/2021,347.74,190.5725,144.49,220.9
6/24/2021,349.89,192.055,145.4,221.72
6/25/2021,349.46,190.31,145.23,222.55
6/28/2021,353.71,199.85,146.75,222.8
6/29/2021,354.99,200.2675,147.82,222.81
6/30/2021,354.43,200.025,147.66,222.82
7/1/2021,354.57,202.12,147.91,224.03
7/2/2021,358.64,204.87,149.86,225.27
7/6/2021,360.19,206.985,150.43,224.78
7/7/2021,360.95,203.7175,151.25,225.08
7/8/2021,358.77,199.0275,149.82,223.18
7/9/2021,361.01,200.5025,151.2,225.88
7/12/2021,362.42,205.125,151.32,226.51
7/13/2021,362.42,202.5,151.94,225.25
7/14/2021,363.07,198.415,153.06,224.94
7/15/2021,360.52,189.6625,151.8,224.15
7/16/2021,357.6,181.61,150.3,222.39
7/19/2021,354.67,187.7975,148.23,219.23
7/20/2021,358.79,186.12,150.43,223.02
7/21/2021,361.56,194.1,151.88,225.02
7/22/2021,363.95,195.94,153,225.21
7/23/2021,368.2,195.58,154.52,227.46
7/26/2021,368.49,192.94,154.44,227.92
7/27/2021,364.43,192.08,152.98,226.69
7/28/2021,365.83,195.03,152.79,227.04
7/29/2021,366.48,196.62,153.5,228.04
7/30/2021,364.57,194.99,153.4,226.69
8/2/2021,364.6,197.5,152.85,226.37
8/3/2021,366.81,198.15,153.83,227.99
8/4/2021,367.34,202.74,154.14,226.97
8/5/2021,369.67,206.37,154.99,228.59
8/6/2021,368.05,203.66,154.86,228.87
8/9/2021,368.73,202.95,154.36,228.78
8/10/2021,366.84,199.36,153.25,228.93
8/11/2021,366.21,196.99,153.27,229.38
8/12/2021,367.53,199.05,154.15,230.02
8/13/2021,368.82,201.88,154.99,230.15
8/16/2021,368.98,199.5,155.69,230.24
8/17/2021,365.73,194.58,154.4,228.53
8/18/2021,362.21,190.4,152.27,226.25
8/19/2021,363.96,197.98,153.76,226.08
8/20/2021,367.73,208.16,155.74,228.11
8/23/2021,373.23,219.58,157.75,230.32
8/24/2021,374.37,217.93,157.57,231.14
8/25/2021,374.8,222.13,157.48,231.8
8/26/2021,372.42,220.68,156.49,230.25
8/27/2021,376.04,226.36,158,232.73
8/30/2021,380.26,226.88,159.7,233.61
8/31/2021,379.95,223.85,158.86,233.17
9/1/2021,380.58,224.41,158.9,233.58
9/2/2021,380.4,223.96,158.73,234.37
9/3/2021,381.57,228.43,159.36,234.29
9/7/2021,382.11,226.62,159.4,233.28
9/8/2021,380.78,223.39,158.79,232.73
9/9/2021,379.47,221.77,158.19,231.92
9/10/2021,376.59,224.78,156.63,230.08
9/13/2021,376.33,221.52,156.68,230.6
9/14/2021,375.26,222.42,156.48,229.21
9/15/2021,378.05,223.41,157.85,231.1
9/16/2021,378.31,222.42,157.94,230.89
9/17/2021,373.83,219,155.48,229.04
9/20/2021,365.7,211.13,152.38,225.07
9/21/2021,366.15,212.46,152.44,225.05
9/22/2021,369.57,219.41,154.53,227.32
9/23/2021,372.98,224.82,156.6,230.09
9/24/2021,373.33,220.81,156.71,229.64
9/27/2021,370.35,216.6,155.19,229.14
9/28/2021,359.87,206.99,150.59,224.34
9/29/2021,359.28,205.17,150.4,224.49
9/30/2021,357.96,207.16,149.32,222.06
10/1/2021,360.18,207.42,151.57,225.12
10/4/2021,352.62,197.32,148.06,221.73
10/5/2021,357.38,204.51,150.17,223.8
10/6/2021,359.67,207,151.15,224.73
10/7/2021,362.97,210.75,152.53,226.89
10/8/2021,361.16,208.31,151.96,226.39
10/11/2021,358.39,206.95,151.12,224.76
10/12/2021,357.14,206.71,150.34,224.6
10/13/2021,360,209.39,151.26,225.62
10/14/2021,366.63,217.46,154.67,229.37
10/15/2021,368.94,218.62,155.91,230.73
10/18/2021,372.65,222.22,157.23,231.57
10/19/2021,375.47,222.9,158.79,233.26
10/20/2021,374.98,221.03,158.35,234.17
10/21/2021,377.27,226.92,158.96,234.81
10/22/2021,374.1,227.26,158.41,234.36
10/25/2021,377.93,231.66,158.93,235.8
10/26/2021,379.12,247.17,159.38,235.71
10/27/2021,380,244.51,159.24,234.1
10/28/2021,384.22,249.41,160.84,236.6
10/29/2021,386.11,255.67,161.53,236.91
11/1/2021,387.43,258.27,161.29,238.09
11/2/2021,389.05,264.01,162.71,238.83
11/3/2021,393.18,265.98,163.66,240.52
11/4/2021,398.22,298.01,166.22,241.43
11/5/2021,398.6,297.52,167.08,242.36
11/8/2021,398.06,308.04,167.98,242.76
11/9/2021,395.32,306.57,167.29,242.06
11/10/2021,389.51,294.59,164.53,239.68
11/11/2021,390.59,303.9,165.3,239.97
11/12/2021,394.7,303.9,167.31,241.75
11/15/2021,394.61,300.25,167.14,241.75
11/16/2021,397.42,302.03,168.9,242.79
11/17/2021,397.63,292.61,168.39,241.79
11/18/2021,401.75,316.75,170.07,242.17
11/19/2021,403.99,329.85,171.31,241.48
11/22/2021,399.3,319.56,169.4,240.32
11/23/2021,397.48,317.46,169.01,240.4
11/24/2021,398.76,326.74,170.24,241.21
11/26/2021,391.2,315.03,165.99,235.99
11/29/2021,399.69,333.76,170.14,238.21
11/30/2021,393.82,326.76,168.72,233.45
12/1/2021,387.12,314.35,166.41,230.16
12/2/2021,389.91,321.26,167.94,233.9
12/3/2021,383.13,306.93,165.13,231.19
12/6/2021,386.2,300.37,166.7,234.16
12/7/2021,397.83,324.27,172.52,239.17
12/8/2021,399.61,318.26,173.31,240.2
12/9/2021,393.73,304.9,171.44,237.91
12/10/2021,398.01,301.98,174.88,239.53
12/13/2021,392.26,281.61,172.28,237.35
12/14/2021,388.2,283.37,169.45,235.57
12/15/2021,397.05,304.59,173.94,239.2
12/16/2021,386.84,283.87,169.01,236.52
12/17/2021,384.91,278.01,167.88,235.44
12/20/2021,380.69,277.19,165.57,232.13
12/21/2021,389.21,290.75,169.76,236.68
12/22/2021,393.95,294,171.98,239.02
12/23/2021,396.92,296.4,172.94,240.67
12/27/2021,403.48,309.45,176.65,242.96
12/28/2021,401.61,303.22,175.73,242.46
12/29/2021,401.55,300.01,175.88,242.6
12/30/2021,400.35,295.86,174.72,242.21
12/31/2021,397.85,294.11,173.87,241.44
1/3/2022,401.68,301.21,175.52,242.97
1/4/2022,396.47,292.9,173.66,242.51
1/5/2022,384.29,276.04,168.32,237.25
1/6/2022,384.02,281.78,167.47,237.19
1/7/2022,379.86,272.47,165.93,236.11
1/10/2022,380.11,274,165.96,235.7
1/11/2022,385.82,278.17,167.95,238.05
1/12/2022,387.35,279.99,168.74,238.42
1/13/2022,377.66,265.75,164.37,234.93
1/14/2022,380.01,269.42,165.76,235.02
1/18/2022,370.55,259.03,161.78,230.45
1/19/2022,366.48,250.67,159.52,228.03
1/20/2022,361.72,241.5,157.46,225.37
1/21/2022,351.69,233.74,154.33,220.91
1/24/2022,353.3,233.72,155.13,222.33
1/25/2022,345.11,223.24,151.54,219.22
1/26/2022,344.57,227.72,152.43,218.37
1/27/2022,341.1,219.44,151.38,216.75
1/28/2022,351.8,228.4,158,222.09
1/31/2022,363.05,244.86,161.97,226.81
2/1/2022,365.52,246.38,162.39,228.54
2/2/2022,368.49,252.42,163.71,230.05
2/3/2022,353.55,239.48,158.96,224.58
2/4/2022,358.01,243.19,159.6,226.07
2/7/2022,355.13,247.28,158.54,225.5
2/8/2022,359.12,251.08,160.5,227.57
2/9/2022,366.73,267.05,164.06,231.27
2/10/2022,358.43,258.24,159.77,227.35
2/11/2022,347.06,239.49,154.89,222.94
2/14/2022,347.49,242.67,154.84,222.12
2/15/2022,356.13,264.95,158.91,226.07
2/16/2022,356.04,265.11,158.75,226.28
2/17/2022,345.45,245.07,154,221.14
2/18/2022,341.51,236.42,152.44,219.37
2/22/2022,338.08,233.9,151.03,216.85
2/23/2022,329.42,223.87,147.25,212.86
2/24/2022,340.49,237.48,152.28,216.59
2/25/2022,345.77,241.57,154.35,221.41
2/28/2022,346.8,243.85,154.07,221.17
3/1/2022,341.49,234.77,150.99,217.72
3/2/2022,347.22,242.2,154.26,221.85
3/3/2022,342.26,237.14,152.42,220.16
3/4/2022,337.3,229.36,149.75,217.96
3/7/2022,324.86,213.52,144.27,211.24
3/8/2022,323.35,215.14,143.57,210.05
3/9/2022,334.99,230.14,149.25,215.88
3/10/2022,331.27,226.58,146.64,214.91
3/11/2022,324.4,221,144.06,211.99
3/14/2022,318.17,213.3,141.39,209.9
3/15/2022,328.15,229.73,146.14,214.28
3/16/2022,340.32,244.96,150.89,219.64
3/17/2022,344.44,247.66,151.96,222.58
3/18/2022,351.49,264.53,155.07,225.18
3/21/2022,350.08,267.34,154.49,224.97
3/22/2022,356.96,265.24,156.71,227.73
3/23/2022,351.83,256.34,154.3,223.93
3/24/2022,359.65,281.5,158.31,227.12
3/25/2022,359.35,276.92,158.22,228.09
3/28/2022,364.91,282.19,160.1,229.57
3/29/2022,371.19,286.56,163.5,233.05
3/30/2022,367.09,276.9,161.32,231.16
3/31/2022,362.54,272.86,158.93,227.67
4/1/2022,361.85,267.12,158.46,228.58
4/4/2022,369.3,273.6,161.47,230.52
4/5/2022,361.1,259.31,158.07,227.15
4/6/2022,353.26,244.07,154.33,224.54
4/7/2022,354.1,242.08,154.57,225.39
4/8/2022,349.15,231.19,152.41,224.69
4/11/2022,340.89,219.17,148.57,221.18
4/12/2022,339.45,215.04,147.91,220.5
4/13/2022,346.35,222.03,150.29,223.39
4/14/2022,338.43,212.58,146.64,220.67
4/18/2022,338.69,217.83,147.12,220.29
4/19/2022,346.26,221.98,149.88,224.17
4/20/2022,341.21,214.82,149.74,223.88
4/21/2022,334.15,201.83,147.2,220.22
4/22/2022,325.4,195.15,143.08,214.22
4/25/2022,329.58,199.02,145.23,215.39
4/26/2022,317.14,187.88,139.82,209.25
4/27/2022,316.76,184.15,141.89,209.66
4/28/2022,328.01,197.82,147.57,214.77
4/29/2022,313.25,185.47,141.42,206.88
5/2/2022,318.48,195.33,143.57,208.44
5/3/2022,318.82,196.02,143.82,209.43
5/4/2022,329.6,203.34,148.87,215.57
5/5/2022,313,188.44,141.71,207.62
5/6/2022,309.25,186.75,140.57,205.95
5/9/2022,297.15,169.5,135.13,198.65
5/10/2022,300.76,175.95,137.19,199.05
5/11/2022,291.84,166.3,132.86,195.45
5/12/2022,291.15,161.75,131.49,195.66
5/13/2022,301.94,177.06,135.86,200.9
5/16/2022,298.44,172.64,134.66,199.91
5/17/2022,306.17,181.77,138.56,204.18
5/18/2022,291.14,169.38,132.22,196.19
5/19/2022,289.58,171.24,130.77,195.32
5/20/2022,288.68,166.94,131.06,195.32
5/23/2022,293.48,168.98,134.07,198.66
5/24/2022,287.24,161.54,132.08,196.67
5/25/2022,291.26,169.75,133.62,198.86
5/26/2022,299.33,178.51,136.83,202.93
5/27/2022,309.1,188.11,141.46,208.07
5/31/2022,308.28,186.72,140.45,206.36
6/1/2022,306,183.2,140.03,205
6/2/2022,314.38,195.92,143.42,209.18
6/3/2022,306.2,187.2,139.99,205.84
6/6/2022,307.22,187.86,140,206.45
6/7/2022,309.87,189.26,141.67,208.69
6/8/2022,307.64,186.48,140.07,206.35
6/9/2022,299.4,180.48,136.33,201.41
6/10/2022,288.84,169.74,131.09,195.43
6/13/2022,275.41,156.47,125.28,187.45
6/14/2022,275.91,158.36,126.07,186.92
6/15/2022,282.8,165.27,128.73,189.64
6/16/2022,271.39,156.01,123.49,183.02
6/17/2022,274.69,158.8,124.62,183.71
6/21/2022,281.08,165.66,127.46,188.16
6/22/2022,280.67,163.6,126.92,188.13
6/23/2022,284.85,162.25,128.82,189.08
6/24/2022,294.61,171.26,133.45,195.19
6/27/2022,292.45,168.69,132.55,194.59
6/28/2022,283.54,159.82,128.58,190.58
6/29/2022,283.8,155.42,128.84,190.26
6/30/2022,280.28,151.59,127.12,188.62
7/1/2022,282.13,145.23,127.41,190.61
7/5/2022,286.96,149.64,129.01,191.29
7/6/2022,288.8,151.3,130.12,191.67
7/7/2022,294.98,158.58,132.81,194.83
7/8/2022,295.35,158.38,132.87,194.63
7/11/2022,289.04,151.52,131.04,192.17
7/12/2022,286.24,150.82,129.25,190.51
7/13/2022,285.65,151.64,128.91,189.68
7/14/2022,286.67,153.72,130.09,188.84
7/15/2022,291.87,157.62,132.38,192.51
7/18/2022,289.4,161.01,131.1,191.18
7/19/2022,298.3,169.92,135.1,196.52
7/20/2022,303.03,178.07,137.21,198.11
7/21/2022,307.38,180.5,139.14,200.07
7/22/2022,301.99,173.19,137.22,197.9
7/25/2022,300.27,170.24,136.35,198.17
7/26/2022,294.37,165.33,134.14,195.72
7/27/2022,306.81,177.9,139.91,200.86
7/28/2022,309.81,179.84,142.04,203.48
7/29/2022,315.46,181.63,144.22,206.25
8/1/2022,315.27,184.41,143.91,205.77
8/2/2022,314.33,185.26,142.89,204.66
8/3/2022,322.89,188.93,146.69,207.95
8/4/2022,324.4,192.15,147.36,207.75
8/5/2022,321.75,189.89,147.02,207.68
8/8/2022,320.71,177.93,145.77,207.87
8/9/2022,317.08,170.86,144.31,206.56
8/10/2022,325.93,180.97,148.25,211.27
8/11/2022,324.08,179.42,147.67,211.28
8/12/2022,330.39,187.09,150.61,214.94
8/15/2022,333.06,190.32,151.56,215.78
8/16/2022,332.28,188.79,151.15,216.24
8/17/2022,328.49,183.35,150.07,214.3
8/18/2022,329.28,187.73,150.85,214.86
8/19/2022,322.86,178.49,148.11,211.79
8/22/2022,314.36,170.34,143.98,207.26
8/23/2022,314.1,171.81,143.6,206.87
8/24/2022,315.01,172.22,143.69,207.74
8/25/2022,320.58,179.13,146.12,210.75
8/26/2022,307.44,162.6,139.88,203.77
8/29/2022,304.41,158.01,138.03,202.28
8/30/2022,301.02,154.68,136.59,200.03
8/31/2022,299.27,150.94,135.26,198.56
9/1/2022,299.4,139.37,134.6,198.68
9/2/2022,295.17,136.47,132.85,196.71
9/6/2022,293.05,134.65,131.97,195.91
9/7/2022,298.97,137.14,134.08,199.53
9/8/2022,300.52,139.9,134.54,201.11
9/9/2022,307.09,143.87,137.2,204.45
9/12/2022,310.74,145.05,139.4,206.65
9/13/2022,293.7,131.31,132,197.77
9/14/2022,296.03,131.28,132.48,198.54
9/15/2022,291.1,129.29,129.43,196.42
9/16/2022,289.32,131.98,128.71,194.63
9/19/2022,291.05,133.82,129.44,196.01
9/20/2022,288.73,131.76,128.68,193.73
9/21/2022,283.56,132.61,126.67,190.42
9/22/2022,280.07,125.61,125.38,188.29
9/23/2022,275.51,125.16,123.74,184.26
9/26/2022,274.37,122.28,122.88,182.24
9/27/2022,274.48,124.13,123.04,181.97
9/28/2022,279.94,127.36,124.34,185.8
9/29/2022,271.87,122.2,121.1,181.94
9/30/2022,267.26,121.39,118.78,179.47
10/3/2022,273.53,125.12,122.46,184.03
10/4/2022,282.13,131.67,126.57,189.94
10/5/2022,281.98,132.09,126.99,189.58
10/6/2022,279.76,131.3,125.95,187.77
10/7/2022,269.1,120.76,120.77,182.4
10/10/2022,266.41,116.7,118.74,180.95
10/11/2022,262.75,115.86,116.92,179.79
10/12/2022,262.66,115,116.56,179.3
10/13/2022,268.82,119.6,120.18,183.75
10/14/2022,260.74,112.27,116.8,179.42
10/17/2022,269.35,118.88,120.36,184.21
10/18/2022,271.48,119.67,121.38,186.46
10/19/2022,270.49,120.51,121.03,184.87
10/20/2022,269.11,121.94,121.1,183.27
10/21/2022,275.42,124.66,124.34,187.49
10/24/2022,278.45,125.99,126.06,189.51
10/25/2022,284.21,132.61,128.47,192.94
10/26/2022,277.93,128.96,125.61,191.75
10/27/2022,272.87,131.76,124.18,190.85
10/28/2022,281.22,138.34,129.58,195.29
10/31/2022,277.95,134.97,127.87,194.03
11/1/2022,275.11,135.43,126.8,193.43
11/2/2022,265.68,132.19,122.42,188.34
11/3/2022,260.49,134.21,118.82,186.54
11/4/2022,264.68,141.56,120.99,188.94
11/7/2022,267.59,143.01,123.01,190.66
11/8/2022,269.54,146.02,124.19,191.66
11/9/2022,263.32,137.76,120.96,187.53
11/10/2022,282.75,157.5,130.9,198.14
11/11/2022,287.96,163.27,133.14,200.16
11/14/2022,285.44,162.95,132,198.35
11/15/2022,289.39,166.66,133.6,200.36
11/16/2022,285.44,159.1,131.77,198.32
11/17/2022,284.81,156.77,131.94,197.49
11/18/2022,284.82,154.09,132.09,198.42
11/21/2022,281.89,153.17,130.67,197.58
11/22/2022,285.95,160.38,133.2,200.17
11/23/2022,288.82,165.19,134.38,201.39
11/25/2022,286.92,162.7,133.6,201.54
11/28/2022,282.71,158.27,130.74,198.27
11/29/2022,280.57,156.39,129.46,197.96
11/30/2022,293.36,169.23,135.96,204.06
12/1/2022,293.72,171.35,136.15,204.18
12/2/2022,292.55,168.76,135.36,203.99
12/5/2022,287.64,166.1,133.11,199.98
12/6/2022,281.68,159.87,130.26,196.98
12/7/2022,280.53,161.2,129.6,196.66
12/8/2022,283.85,171.69,131.72,198.36
12/9/2022,282.04,170.01,130.91,196.7
12/12/2022,285.58,175.35,133.77,199.53
12/13/2022,288.65,180.72,135.35,201.02
12/14/2022,286.51,176.74,134.21,199.9
12/15/2022,276.89,169.52,129.19,194.92
12/16/2022,274.25,165.71,127.48,192.69
12/19/2022,269.75,162.54,125.42,190.75
12/20/2022,269.54,160.85,125.61,191.15
12/21/2022,273.45,165.01,127.69,194.04
12/22/2022,266.76,153.39,124.47,190.37
12/23/2022,267.36,152.06,124.6,191.42
12/27/2022,263.58,141.21,123.42,190.62
12/28/2022,260.1,140.36,121.43,188.22
12/29/2022,266.44,146.03,124.61,191.68
12/30/2022,266.28,146.14,124.44,191.19
1/3/2023,264.48,143.15,123.26,190.41
1/4/2023,265.74,147.49,123.58,192.1
1/5/2023,261.58,142.65,121.18,189.85
1/6/2023,268.8,148.59,124.73,194.04
1/9/2023,270.54,156.28,126.18,194.12
1/10/2023,272.83,159.09,126.96,195.65
1/11/2023,277.55,160.01,129.16,198.23
1/12/2023,279.05,165.11,130.12,199.19
1/13/2023,280.97,168.99,130.49,200.04
1/17/2023,281.54,177.02,131.08,199.77
1/18/2023,277.88,173.77,129.39,196.62
1/19/2023,275.15,167.65,127.88,195.02
1/20/2023,282.68,178.39,131.34,198.76
1/23/2023,288.96,191.93,134.33,201.28
1/24/2023,288.37,192.65,134.27,200.95
1/25/2023,287.73,193.23,133.99,201.05
1/26/2023,293.34,198.02,136.13,203.12
1/27/2023,296.26,203.65,136.7,203.94
1/30/2023,290.27,191.62,134.09,201.21
1/31/2023,294.62,195.37,135.96,204.43
2/1/2023,300.92,209.43,139.16,206.92
2/2/2023,311.72,217.09,142.96,210.01
2/3/2023,306.18,211,141.77,207.84
2/6/2023,303.59,210.89,140.04,206.28
2/7/2023,309.88,221.73,143.54,208.88
2/8/2023,304.37,222.05,141.81,206.65
2/9/2023,301.68,223.37,141.03,204.64
2/10/2023,299.7,212.65,140.38,205.01
2/13/2023,304.5,217.88,142.81,207.45
2/14/2023,306.75,229.71,143.42,207.53
2/15/2023,309.1,227.64,144.09,208.46
2/16/2023,303.3,220.02,141.59,205.68
2/17/2023,301.16,213.88,139.82,205.08
2/21/2023,294.03,206.55,136.5,200.83
2/22/2023,294.25,207.54,136.3,200.66
2/23/2023,296.82,236.64,138.56,201.73
2/24/2023,291.85,232.86,136.09,199.48
2/27/2023,293.94,235.01,136.82,200.19
2/28/2023,293.56,232.16,136.52,199.52
3/1/2023,291.2,226.98,135.52,200
3/2/2023,293.61,233.14,137.19,200.31
3/3/2023,299.68,238.9,140.14,203.57
3/6/2023,300.02,235.54,140.81,203.3
3/7/2023,296.34,232.88,139.06,200.27
3/8/2023,297.82,241.81,140.21,200.53
3/9/2023,292.66,234.36,138.2,196.57
3/10/2023,288.55,229.65,135.77,193.26
3/13/2023,290.69,229.66,136.51,192.46
3/14/2023,297.37,240.63,139.66,195.89
3/15/2023,298.93,242.28,139.74,194.38
3/16/2023,306.81,255.41,143.66,197.74
3/17/2023,305.36,257.25,143.46,195.19
3/20/2023,305.97,259,143.53,196.89
3/21/2023,310.34,261.99,144.69,199.7
3/22/2023,306.12,264.68,143.25,196.13
3/23/2023,309.75,271.91,145.58,195.7
3/24/2023,310.89,267.79,145.96,196.93
3/27/2023,308.76,265.31,144.83,197.43
3/28/2023,307.12,264.1,144.15,197.15
3/29/2023,312.72,269.84,147.17,199.99
3/30/2023,315.68,273.83,148.88,201.07
3/31/2023,320.93,277.77,151.01,204.1
4/3/2023,320.15,279.65,150.77,204.64
4/4/2023,319.07,274.53,149.94,203.27
4/5/2023,315.92,268.81,148.23,202.53
4/6/2023,318.05,270.37,149.07,203.2
4/10/2023,317.87,275.79,148.99,203.66
4/11/2023,315.83,271.69,147.59,203.87
4/12/2023,313.04,264.95,146.75,203.01
4/13/2023,319.17,264.63,149.48,205.65
4/14/2023,318.57,267.58,148.65,205.08
4/17/2023,318.84,270.02,149.19,205.9
4/18/2023,318.86,276.67,149.65,206
4/19/2023,318.71,279.31,149.22,206.1
4/20/2023,316.28,271.04,148.24,204.82
4/21/2023,316.61,271.19,147.76,205
4/24/2023,315.95,270.42,147.11,205.08
4/25/2023,309.99,262.41,143.97,201.66
4/26/2023,311.87,269.56,146.11,200.75
4/27/2023,320.35,272.26,149.21,204.52
4/28/2023,322.56,277.49,150.83,206.3
5/1/2023,322.19,289.1,150.92,206.2
5/2/2023,319.38,282.1,149.51,203.68
5/3/2023,317.29,278.02,148.25,202.49
5/4/2023,316.17,275.62,147.54,200.98
5/5/2023,322.89,286.8,151.24,204.69
5/8/2023,323.69,291.51,151.16,204.91
5/9/2023,321.64,285.71,150,204.07
5/10/2023,325.14,288.85,151.83,204.97
5/11/2023,326.2,285.78,151.15,204.7
5/12/2023,325.03,283.4,150.95,204.22
5/15/2023,326.79,289.53,152.2,205.09
5/16/2023,327.16,292.13,152.36,203.5
5/17/2023,331.12,301.78,154.39,206.14
5/18/2023,337.27,316.78,157.55,208.19
5/19/2023,336.51,312.64,157.48,207.69
5/22/2023,337.64,311.76,157.78,208.05
5/23/2023,333.36,306.88,155.45,205.85
5/24/2023,331.65,305.38,154.31,204.26
5/25/2023,339.72,379.8,160.23,205.65
5/26/2023,348.4,389.46,164.78,208.36
5/30/2023,349.98,401.11,165.66,208.43
5/31/2023,347.99,378.34,164.28,207.18
6/1/2023,352.01,397.7,165.95,209.25
6/2/2023,354.65,393.27,166.9,212.71
6/5/2023,354.9,391.71,165.94,212.15
6/6/2023,354.84,386.54,165.9,213.12
6/7/2023,348.82,374.75,163.42,212.7
6/8/2023,353.15,385.1,165.19,213.7
6/9/2023,354.5,387.7,166.01,213.93
6/12/2023,360.49,394.82,169.62,215.85
6/13/2023,363.26,410.22,170.65,217.44
6/14/2023,365.9,429.97,172.41,217.44
6/15/2023,370.26,426.53,174.63,220.09
6/16/2023,367.93,426.92,173.19,219.26
6/20/2023,366.9,438.08,171.66,218.18
6/21/2023,361.9,430.45,169.12,216.98
6/22/2023,366.17,430.25,170.5,217.56
6/23/2023,362.54,422.09,168.65,214.94
6/26/2023,357.68,406.32,167.44,214.19
6/27/2023,363.83,418.76,170.74,216.8
6/28/2023,364.54,411.17,170.84,216.98
6/29/2023,363.81,408.22,171.14,218.02
6/30/2023,369.42,423.02,173.86,220.28
7/3/2023,370.29,424.13,173.49,220.94
7/5/2023,370.28,423.17,172.42,220.27
7/6/2023,367.46,421.03,171.96,218.31
7/7/2023,366.24,425.03,171.21,218.04
7/10/2023,366.36,421.8,171.66,218.99
7/11/2023,368.17,424.05,172.03,220.71
7/12/2023,372.82,439.02,173.98,222.4
7/13/2023,379.15,459.77,176.25,224.28
7/14/2023,379.07,454.69,175.99,223.95
7/17/2023,382.61,464.61,178.24,224.8
7/18/2023,385.74,474.94,180.26,226.59
7/19/2023,385.65,470.77,179.81,227.18
7/20/2023,376.76,455.2,176.22,225.54
7/21/2023,375.63,443.09,176.13,225.52
7/24/2023,376.23,446.12,176.44,226.32
7/25/2023,378.78,456.79,178.46,226.89
7/26/2023,377.52,454.52,176.06,227.06
7/27/2023,376.62,459,175.55,225.31
7/28/2023,383.48,467.5,177.94,227.66
7/31/2023,383.68,467.29,178.35,228.35
8/1/2023,382.79,465.07,178.65,227.73
8/2/2023,374.39,442.69,174.23,224.5
8/3/2023,373.79,445.15,173.52,223.85
8/4/2023,372.04,446.8,171.16,222.9
8/7/2023,375.19,454.165,171.64,224.61
8/8/2023,372,446.64,170.32,223.57
8/9/2023,367.91,425.54,168.12,221.97
8/10/2023,368.59,423.88,168.14,222.01
8/11/2023,366.24,408.55,166.9,221.8
8/14/2023,370.35,437.53,169.56,222.9
8/15/2023,366.42,439.4,167.89,220.37
8/16/2023,362.54,434.86,166.29,218.55
8/17/2023,358.58,433.435,164.71,216.76
8/18/2023,358.13,432.99,164.96,217.01
8/21/2023,363.9,469.67,168.11,218.26
8/22/2023,363.38,456.68,167.92,217.68
8/23/2023,369.11,471.16,170.95,220.06
8/24/2023,361.22,471.63,167.01,217.11
8/25/2023,364.02,460.18,168.71,218.59
8/28/2023,366.76,468.35,170.09,219.99
8/29/2023,374.77,487.84,173.5,223.19
8/30/2023,376.86,492.64,174.81,224.18
8/31/2023,377.99,493.55,175.66,223.94
9/1/2023,377.59,485.09,176.2,224.68
9/5/2023,378.07,485.48,176.83,223.34
9/6/2023,374.74,470.61,174.96,221.94
9/7/2023,372.06,462.41,172.43,221.18
9/8/2023,372.58,455.72,172.79,221.42
9/11/2023,376.97,451.78,173.69,222.81
9/12/2023,372.79,448.7,170.54,221.73
9/13/2023,374.21,454.85,170.97,221.76
9/14/2023,377.27,455.81,172.21,223.66
9/15/2023,370.81,439,168.9,221.03
9/18/2023,370.66,439.66,169.35,221.05
9/19/2023,369.87,435.2,169.26,220.49
9/20/2023,364.54,422.39,166.6,218.54
9/21/2023,357.86,410.17,164.06,214.09
9/22/2023,357.91,416.1,164.41,213.64
9/25/2023,359.61,422.22,164.94,214.5
9/26/2023,354.21,419.11,161.97,211.41
9/27/2023,355.04,424.68,162.22,211.63
9/28/2023,358.01,430.89,163.37,213.03
9/29/2023,358.27,434.99,163.93,212.41
10/2/2023,361.26,447.82,165.69,212.13
10/3/2023,354.92,435.17,162.88,209.05
10/4/2023,359.75,440.41,164.91,210.56
10/5/2023,358.69,446.88,165.13,210.45
10/6/2023,364.7,457.62,168.22,212.96
10/9/2023,366.56,452.73,169.09,214.3
10/10/2023,368.59,457.98,169.35,215.63
10/11/2023,371.22,468.06,170.92,216.48
10/12/2023,369.93,469.45,171.08,214.74
10/13/2023,365.28,454.61,168.63,213.53
10/16/2023,369.41,460.95,170.25,216.01
10/17/2023,368.2,439.38,169.46,216.29
10/18/2023,363.37,421.96,167.72,213.09
10/19/2023,359.97,421.01,166.76,211.08
10/20/2023,354.6,413.87,163.94,208.47
10/23/2023,355.67,429.75,164.13,207.9
10/24/2023,359.13,436.63,165.26,209.47
10/25/2023,350.34,417.79,163.31,206.36
10/26/2023,343.66,403.26,160.19,204.22
10/27/2023,345.31,405,161.12,203.12
10/30/2023,349.2,411.61,162.85,205.46
10/31/2023,350.87,407.8,164.01,206.79
11/1/2023,356.96,423.25,167.18,208.86
11/2/2023,363.44,435.06,170.01,213.01
11/3/2023,367.71,450.05,171.76,215.41
11/6/2023,369.21,457.51,172.89,215.5
11/7/2023,372.7,459.55,174.78,216.14
11/8/2023,372.94,465.74,175.77,216.11
11/9/2023,370.07,469.5,174.95,214.27
11/10/2023,378.39,483.35,179.52,217.46
11/13/2023,377.21,486.2,178.47,217.33
11/14/2023,385.33,496.56,182.04,222.15
11/15/2023,385.62,488.88,182.27,222.7
11/16/2023,385.95,494.8,183.18,222.55
11/17/2023,386.04,492.98,182.8,223.11
11/20/2023,390.74,504.09,185.45,224.79
11/21/2023,388.47,499.44,183.95,224.18
11/22/2023,390.06,487.16,184.77,225.14
11/24/2023,389.51,477.76,184.41,225.38
11/27/2023,389.17,482.42,184.4,225.09
11/28/2023,390.19,478.21,184.75,225.23
11/29/2023,389.81,481.4,184.89,225.33
11/30/2023,388.83,467.7,185.16,226.26
12/1/2023,389.94,467.65,185.58,228.17
12/4/2023,386.32,455.1,183.32,227.35
12/5/2023,387.29,465.66,184.42,226.91
12/6/2023,385.05,455.03,182.86,225.95
12/7/2023,390.43,465.96,185.08,227.76
12/8/2023,392.17,475.06,186.66,228.85
12/11/2023,395.52,466.27,188.29,229.79
12/12/2023,398.67,476.57,189.54,230.66
12/13/2023,403.74,480.88,191.21,234.24
12/14/2023,403.39,483.5,190.74,235.63
12/15/2023,405.34,488.9,191.7,235.31
12/18/2023,407.08,500.77,191.85,236.33
12/19/2023,409.16,496.04,192.58,238.06
12/20/2023,403.08,481.11,189.67,234.51
12/21/2023,407.77,489.9,191.8,236.09
12/22/2023,408.38,488.3,192.05,236.63
12/26/2023,410.88,492.79,192.85,237.8
12/27/2023,411.5,494.17,192.84,238.25
12/28/2023,411.3,495.22,193.07,238.13
12/29/2023,409.52,495.22,192.48,237.22
1/2/2024,402.59,481.68,187.44,235.63
1/3/2024,398.33,475.69,185.53,233.37
1/4/2024,396.28,479.98,184.17,232.77
1/5/2024,396.75,490.97,184.12,233.12
1/8/2024,404.95,522.53,188.74,236.45
1/9/2024,405.75,531.4,189.04,236.01
1/10/2024,408.5,543.5,190.65,237.23
1/11/2024,409.35,548.22,191.62,237.07
1/12/2024,409.56,547.1,192.24,237.11
1/16/2024,409.52,563.82,192.72,236.01
1/17/2024,407.21,560.53,191.77,234.59
1/18/2024,412.99,571.07,195.66,236.66
1/19/2024,421.18,594.91,200.17,239.54
1/22/2024,421.73,596.54,201.05,240.58
1/23/2024,423.48,598.73,201.86,241.02
1/24/2024,425.83,613.62,203.25,240.98
1/25/2024,426.35,616.17,204.1,242.32
1/26/2024,423.81,610.31,201.75,242.12
1/29/2024,428.15,624.65,203.6,244.32
1/30/2024,425.3,627.74,201.92,243.98
1/31/2024,416.97,615.27,197.68,239.87
2/1/2024,421.88,630.27,200.17,243.1
2/2/2024,429.01,661.6,202.24,245.18
2/5/2024,428.45,693.32,202.7,244.02
2/6/2024,427.59,682.23,201.77,244.85
2/7/2024,431.99,700.99,204.44,246.78
2/8/2024,432.79,696.41,205.08,247.39
2/9/2024,437.05,721.33,207.84,248.9
2/12/2024,435.34,722.48,206.26,249.14
2/13/2024,428.55,721.28,202.76,245.15
2/14/2024,433.22,739,204.88,247.86
2/15/2024,434.51,726.58,204.45,249.77
2/16/2024,430.57,726.13,202.57,248.46
2/20/2024,427.32,694.52,200.51,246.9
2/21/2024,425.61,674.72,199.25,246.95
2/22/2024,438.07,785.38,205.77,251.83
2/23/2024,436.78,788.17,205.29,252
2/26/2024,436.55,790.92,205.49,251.24
2/27/2024,437.6,787.01,205.67,251.94
2/28/2024,435.27,776.63,204.7,251.52
2/29/2024,439,791.12,206.98,252.58
3/1/2024,445.61,822.79,210.76,254.9
3/4/2024,444.02,852.37,210.76,254.65
3/5/2024,436.05,859.64,205.58,251.95
3/6/2024,438.79,887,207.21,253.44
3/7/2024,445.45,926.69,210.48,255.91
3/8/2024,439.02,875.28,207.35,254.43
3/11/2024,437.39,857.74,206.78,254.02
3/12/2024,443.66,919.13,211.02,256.53
3/13/2024,440.25,908.88,208.74,256.21
3/14/2024,439.14,879.44,208.78,255.22
3/15/2024,433.92,878.365,205.63,253.71
3/18/2024,437.48,884.55,206.3,255
3/19/2024,438.57,893.98,207.37,256.47
3/20/2024,443.77,903.72,209.69,259.07
3/21/2024,445.87,914.35,209.84,260.14
3/22/2024,446.38,942.89,209.91,258.5
3/25/2024,444.76,950.02,208.52,257.92
3/26/2024,443.32,925.61,207.66,257.46
3/27/2024,444.83,902.5,208.72,259.73
3/28/2024,444.01,903.56,208.27,259.9
4/1/2024,444.95,90.363,208.85,259.7
4/2/2024,441.11,89.452,206.84,257.3
4/3/2024,442.1,88.964,207.39,257.7
4/4/2024,435.34,85.905,204.11,254.61
4/5/2024,440.47,88.008,206.45,257.18
4/8/2024,440.6,87.133,206.21,257.48
4/9/2024,442.23,85.354,207.25,257.85
4/10/2024,438.37,87.039,204.71,254.97
4/11/2024,445.37,90.616,208.8,256.7
4/12/2024,438.27,88.186,205.42,253
4/15/2024,431.06,86.001,201.52,249.89
4/16/2024,431.1,87.415,201.76,249.14
4/17/2024,425.84,84.035,198.85,247.68
4/18/2024,423.41,84.671,196.58,247.17
4/19/2024,414.65,76.2,192.53,245.23
4/22/2024,418.82,79.518,194.25,247.64
4/23/2024,425.07,82.423,197.13,250.59
4/24/2024,426.51,79.677,198.03,250.65
4/25/2024,424.45,82.632,197.6,249.46
4/26/2024,431,87.735,199.83,251.78
4/29/2024,432.75,87.757,200.69,252.77
4/30/2024,424.59,86.402,196.27,248.61
5/1/2024,421.52,83.041,194.26,247.99
5/2/2024,426.9,85.817,197.06,250.56
5/3/2024,435.48,88.789,202.55,253.53
5/6/2024,440.25,92.14,204.93,256.25
5/7/2024,440.32,90.554,204.26,256.48
5/8/2024,440.06,90.412,204.84,256.3
5/9/2024,441.02,88.747,204.78,257.81
5/10/2024,442.06,89.878,205.54,258.05
5/13/2024,443.08,90.399,206.51,258.19
5/14/2024,445.93,91.356,208.34,259.45
5/15/2024,452.9,94.63,213.03,262.64
5/16/2024,451.98,94.359,212.29,261.93
5/17/2024,451.76,92.479,211.82,262.3
5/20/2024,454.91,94.78,214.31,262.57
5/21/2024,455.8,95.386,214.66,263.11
5/22/2024,455.71,94.95,215.14,262.22
5/23/2024,453.66,103.799,213.39,259.99
5/24/2024,457.95,106.469,215.19,261.87
5/28/2024,459.68,113.901,216.1,261.87
5/29/2024,456.44,114.825,214.73,259.72
5/30/2024,451.55,110.5,209.83,258.45
5/31/2024,450.71,109.633,210.16,260.44
6/3/2024,453.13,115,210.69,260.52
6/4/2024,454.37,116.437,211.13,260.49
6/5/2024,463.53,122.44,215.82,263.68
6/6/2024,463.37,120.998,215.1,263.45
6/7/2024,462.96,120.888,215.6,262.95
6/10/2024,464.83,121.79,216.15,263.83
6/11/2024,468.02,120.91,220.17,264.28
6/12/2024,474.15,125.2,225.04,266.77
6/13/2024,476.72,129.61,226.82,266.89
6/14/2024,479.19,131.88,227.67,266.69
6/17/2024,485.06,130.98,231.12,268.72
6/18/2024,485.21,135.58,231.41,269.4
6/20/2024,481.47,130.78,228.81,268.72
6/21/2024,480.18,126.57,228.41,268.31
6/24/2024,473.96,118.11,222.42,267.86
6/25/2024,479.38,126.09,226.5,268.74
6/26/2024,480.37,126.4,226.24,268.73
6/27/2024,481.61,123.99,226.35,269.38
6/28/2024,479.11,123.54,226.23,267.51
7/1/2024,481.92,124.3,227.94,268.05
7/2/2024,486.98,122.67,229.08,269.6
7/3/2024,491.04,128.28,232.17,270.71
7/5/2024,496.16,125.83,232.88,272.12
7/8/2024,497.34,128.2,234.47,272.49
7/9/2024,497.77,131.38,234.28,272.42
7/10/2024,502.96,134.91,237.68,275.06
7/11/2024,491.93,127.4,231.73,273.83
7/12/2024,494.82,129.24,233.8,275.64
7/15/2024,496.15,128.44,234.22,276.82
7/16/2024,496.34,126.36,233.44,279.1
7/17/2024,481.77,117.99,224.36,275.16
7/18/2024,479.49,121.09,224.38,272.76
7/19/2024,475.24,117.93,220.87,271.06
7/22/2024,482.32,123.54,226.1,273.89
7/23/2024,480.62,122.59,225.2,273.69
7/24/2024,463.38,114.25,215.88,267.53
7/25/2024,458.27,112.28,213.57,266.5
7/26/2024,462.97,113.06,216.28,269.69
7/29/2024,463.9,111.59,215.32,269.71
7/30/2024,457.53,103.73,209.91,268.59
7/31/2024,471.07,117.02,218.8,272.57
8/1/2024,459.66,109.21,210.64,268.3
8/2/2024,448.75,107.27,204.72,262.9
8/5/2024,435.37,100.45,197.9,255.18
8/6/2024,439.53,104.25,200.59,257.77
8/7/2024,434.77,98.91,197.34,255.8
8/8/2024,448.07,104.97,204.71,261.79
8/9/2024,450.41,104.75,205.63,262.92
8/12/2024,451.38,109.02,207.31,262.75
8/13/2024,462.58,116.14,213.68,267.12
8/14/2024,462.73,118.08,214.85,267.88
8/15/2024,474.42,122.86,221.03,272.52
8/16/2024,475.03,124.58,221.4,273.17
8/19/2024,481.27,130,225.05,275.75
8/20/2024,480.26,127.25,224.26,275.08
8/21/2024,482.5,128.5,225.58,276.46
8/22/2024,474.85,123.74,220.39,274.12
8/23/2024,480,129.37,223.96,277.59
8/26/2024,475.34,126.46,221.15,276.89
8/27/2024,476.76,128.3,222.49,277.14
8/28/2024,471.35,125.61,219.42,275.45
8/29/2024,470.66,117.59,217.44,275.72
8/30/2024,476.27,119.37,220.33,278.38
9/3/2024,461.81,108,210.21,272.39
9/4/2024,460.61,106.21,209.67,271.78
9/5/2024,461.04,107.21,209.35,270.94
9/6/2024,448.69,102.83,203.92,266.44
9/9/2024,454.46,106.47,207.26,269.29
9/10/2024,458.66,108.1,210.36,270.34
9/11/2024,468.62,116.91,217.54,273.03
9/12/2024,473.22,119.14,219.34,275.3
9/13/2024,475.34,119.1,220.44,277.22
9/16/2024,473.24,116.78,219.6,277.77
9/17/2024,473.49,115.59,219.17,278.05
9/18/2024,471.44,113.37,217.17,277.35
9/19/2024,483.36,117.87,223.62,282.05
9/20/2024,482.44,116,222.53,281.46
9/23/2024,483.04,116.26,222.09,282.16
9/24/2024,485.37,120.87,223.61,282.87
9/25/2024,485.82,123.51,224.25,281.94
9/26/2024,489.47,124.04,227.22,283.2
9/27/2024,486.75,121.4,225.1,282.05
9/30/2024,488.07,121.44,225.76,283.16
10/1/2024,481.27,117,220.26,280.58
10/2/2024,481.95,118.85,221.89,280.64
10/3/2024,481.59,122.85,222.81,280.04
10/4/2024,487.32,124.92,225.29,282.75
10/7/2024,482.1,127.72,223.74,280.17
10/8/2024,489.3,132.89,227.92,282.53
10/9/2024,493.15,132.65,230.47,284.5
10/10/2024,492.59,134.81,230.41,283.91
10/11/2024,493.36,134.8,230.81,286.11
10/14/2024,497.5,138.07,233.82,288.34
10/15/2024,490.85,131.6,228.68,286.36
10/16/2024,490.91,135.72,229.39,287.82
10/17/2024,491.25,136.93,230.09,287.76
10/18/2024,494.47,138,230.91,288.89
10/21/2024,495.42,143.71,231.99,287.98
10/22/2024,495.96,143.59,231.75,287.65
10/23/2024,488.36,139.56,228.43,285.05
10/24/2024,492.32,140.41,229.1,285.81
10/25/2024,495.32,141.54,230.29,285.54
10/28/2024,495.4,140.52,230.22,286.7
10/29/2024,500.16,141.25,233.32,287.08
10/30/2024,496.38,139.335,229.61,286.37
10/31/2024,483.85,132.76,222.24,281.03
11/1/2024,487.43,135.4,223.91,282.23
11/4/2024,486.01,136.05,223.74,281.72
11/5/2024,492.21,139.91,226.89,285.3
11/6/2024,505.58,145.61,233.35,293.28
11/7/2024,513.54,148.88,237.42,295.33
11/8/2024,514.14,147.63,237.16,296.71
11/11/2024,513.84,145.26,235.85,297.54
11/12/2024,512.91,148.29,236.15,296.37
11/13/2024,512.25,146.27,235.33,296.23
11/14/2024,508.69,146.76,234.53,294.04
11/15/2024,496.57,141.98,228.71,290.31
11/18/2024,500.02,140.15,229.45,291.49
11/19/2024,503.46,147.01,231.33,292.83
11/20/2024,503.17,145.89,231.13,293
11/21/2024,504.98,146.67,233.48,295.05
11/22/2024,505.79,141.95,233.6,296.51
11/25/2024,506.59,136.02,233.59,297.96
11/26/2024,509.31,136.92,234.76,299.05
11/27/2024,505.3,135.34,231.58,298.2
11/29/2024,509.74,138.25,233.73,299.86
12/2/2024,515.29,138.63,235.95,300.43
12/3/2024,516.87,140.26,236.8,300.43
12/4/2024,523.26,145.14,241.13,302.45
12/5/2024,521.81,145.06,239.91,301.61
12/6/2024,526.48,142.44,240.84,302.45
12/9/2024,522.38,138.81,239.27,300.52
12/10/2024,520.6,135.07,235.95,299.39
12/11/2024,529.92,139.31,239.37,301.8
12/12/2024,526.5,137.34,238.03,300.08
12/13/2024,530.53,134.25,239.05,299.93
12/16/2024,538.17,132,241.44,301.15
12/17/2024,535.8,130.39,239.98,299.66
12/18/2024,516.47,128.91,232.24,290.39
12/19/2024,514.17,130.68,232.49,289.98
12/20/2024,518.66,134.7,235.96,293.28
12/23/2024,522.87,139.67,238.07,294
12/24/2024,529.96,140.22,240.53,297.12
12/26/2024,529.6,139.93,240.69,297.29
12/27/2024,522.56,137.01,237.49,294.07
12/30/2024,515.61,137.49,234.47,290.82
12/31/2024,511.23,134.29,232.52,289.81
1/2/2025,510.23,138.31,231.97,289.26
1/3/2025,518.58,144.47,235.75,293.06
1/6/2025,524.54,149.43,238.75,294.7
1/7/2025,515.18,140.14,233.96,291.41
1/8/2025,515.27,140.11,233.88,291.68
1/10/2025,507.19,135.91,228.78,287.3
1/13/2025,505.56,133.23,227.16,287.77
1/14/2025,505.08,131.76,227.76,288.42
1/15/2025,516.7,136.24,232.29,293.71
1/16/2025,513.08,133.57,230.5,293.49
1/17/2025,521.74,137.71,234.11,296.2
1/21/2025,524.8,140.83,236.06,299.14
1/22/2025,531.51,147.07,241.39,300.6
1/23/2025,532.64,147.22,241.82,302.18
1/24/2025,529.63,142.62,239.3,301.3
1/27/2025,514.21,118.42,227.57,297.1
1/28/2025,521.81,128.99,233.64,299.65
1/29/2025,520.83,123.7,231.74,298.37
1/30/2025,523.05,124.65,232.17,300.24
1/31/2025,522.29,120.07,230.81,298.6
2/3/2025,518.11,116.66,227.7,296.42
2/4/2025,524.47,118.65,230.98,298.57
2/5/2025,526.85,124.83,234.19,299.95
2/6/2025,529.6,128.68,234.83,300.69
2/7/2025,522.92,129.84,232.82,298
2/10/2025,529.25,133.57,236.22,299.91
2/11/2025,527.99,132.8,236.33,299.75
2/12/2025,528.3,131.14,235.82,298.76
2/13/2025,535.9,135.29,239.16,301.88
2/14/2025,538.15,138.85,239.97,301.84
2/18/2025,539.37,139.4,242.16,302.69
2/19/2025,539.52,139.23,242.18,303.12
2/20/2025,537.23,140.11,241.41,301.49
2/21/2025,526.08,134.43,234.87,295.92
2/24/2025,519.87,130.28,231.51,294.41
2/25/2025,513.32,126.63,228.51,292.95
2/26/2025,514.56,131.28,231,293.05
2/27/2025,500.27,120.15,222.59,288.51
2/28/2025,508.17,124.92,225.53,292.96
3/3/2025,497.05,114.06,218.67,287.71
3/4/2025,495.55,115.99,218.5,284.12
3/5/2025,502.01,117.3,221.57,287.35
3/6/2025,488.2,110.57,215.42,282.01
3/7/2025,491.79,112.69,218.54,283.34
3/10/2025,472.73,106.98,209.25,275.62
3/11/2025,471.6,108.76,208.4,273.69
3/12/2025,476.92,115.74,211.68,275.04
3/13/2025,468.34,115.58,207.66,271.18
3/14/2025,479.66,121.67,213.94,276.99
3/17/2025,482.77,119.53,215.43,279.28
3/18/2025,474.54,115.43,212.15,276.27
3/19/2025,480.89,117.52,214.91,279.41
3/20/2025,479.26,118.53,213.38,278.74
3/21/2025,480.84,117.7,213.96,278.85
3/24/2025,490.66,121.41,217.63,284.01
3/25/2025,493.46,120.69,218.35,284.49
3/26/2025,484.38,113.76,213.48,281.16
3/27/2025,481.62,111.43,211.51,278.99
3/28/2025,468.94,109.67,206.38,273.43
3/31/2025,468.92,108.38,206.48,274.84
4/1/2025,472.7,110.15,207.99,275.77
4/2/2025,476.15,110.42,209.53,277.95
4/3/2025,450.66,101.8,195.23,263.96
4/4/2025,422.67,94.31,182.37,248.47
4/7/2025,423.69,97.64,183.46,247.66
4/8/2025,416.06,96.3,179.73,243.75
4/9/2025,466,114.33,203.86,268.48
4/10/2025,446.18,107.57,194.37,257.43
4/11/2025,454.4,110.93,198.35,261.74
4/14/2025,457.48,110.71,200.16,264.15
4/15/2025,457.99,112.2,200.89,263.69
4/16/2025,444.18,104.49,193.91,258.21
4/17/2025,444.1,101.49,192.86,258.75
4/21/2025,433.11,96.91,187.88,252.6
4/22/2025,444.48,98.89,192.46,259.03
4/23/2025,454.56,102.71,198.04,263.44
4/24/2025,467.35,106.43,205.43,268.99
4/25/2025,472.56,111.01,208.47,270.64
4/28/2025,472.41,108.73,208.13,271.03
4/29/2025,475.53,109.02,209.1,272.66
4/30/2025,475.47,108.92,209.97,272.82
5/1/2025,481.68,111.61,213.05,274.52
5/2/2025,488.83,114.5,216.61,278.8
5/5/2025,485.93,113.82,215.46,277.22
5/6/2025,481.41,113.54,213.67,274.97
5/7/2025,483.3,117.06,215.81,276.11
5/8/2025,488.29,117.37,217.87,278.28
5/9/2025,487.97,116.65,217.6,277.97
5/12/2025,507.85,123,227.7,287.27
5/13/2025,515.59,129.93,232.62,289.22
5/14/2025,518.68,135.34,234.13,289.41
5/15/2025,519.25,134.83,234.45,290.59
5/16/2025,521.51,135.4,234.89,292.58
5/19/2025,522.01,135.57,234.55,292.81
5/20/2025,520.27,134.38,233.67,291.85
5/21/2025,513.04,131.8,229.28,286.77
5/22/2025,514,132.83,229.34,286.72
5/23/2025,509.24,131.29,226.81,285.04
5/27/2025,521.22,135.5,232.2,290.9
5/28/2025,518.91,134.81,231.24,289.19
5/29/2025,519.93,139.19,231.63,290.12
5/30/2025,519.11,135.13,230.91,289.88
6/2/2025,523.21,137.38,232.95,291.36
6/3/2025,527.3,141.22,236.45,293.37
6/4/2025,528.77,141.92,236.8,293.34
6/5/2025,524.79,139.99,236.13,291.72
6/6/2025,529.92,141.72,238.36,295.12
6/9/2025,530.7,142.63,239.53,295.36
6/10/2025,534.21,143.96,240.87,296.92
6/11/2025,532.41,142.83,240.34,296.13
6/12/2025,533.66,145,242.57,297.08
6/13/2025,526.96,141.97,239.17,293.57
6/16/2025,534.29,144.69,243.04,296.47
6/17/2025,529.08,144.12,241.32,294
6/18/2025,528.99,145.48,241.61,294.11
6/20/2025,526.83,143.85,240.54,293.43
6/23/2025,531.65,144.17,242.88,296.25
6/24/2025,539.78,147.9,247.24,299.71
6/25/2025,541.16,154.31,249.35,299.36
6/26/2025,546.22,155.02,251.07,301.94
6/27/2025,548.09,157.75,250.77,303.31
6/30/2025,551.64,157.99,253.23,303.93
7/1/2025,546.99,153.3,250.97,303.93
7/2/2025,550.8,157.25,253.62,305.51
7/3/2025,556.22,159.34,256.96,308.03
7/7/2025,552.03,158.24,254.92,305.6
7/8/2025,552.34,160,256.29,305.58
7/9/2025,556.25,162.88,257.83,307.5
7/10/2025,555.45,164.1,256.98,308.32
7/11/2025,554.2,164.92,255.85,307.02
7/14/2025,556.21,164.07,255.64,307.72
7/15/2025,556.72,170.7,257.91,306.1
7/16/2025,557.29,171.37,258.71,307.26
7/17/2025,561.8,173,261.06,309.26
7/18/2025,561.26,172.41,260.89,309.09
7/21/2025,564.17,171.38,261.23,309.44
7/22/2025,561.25,167.03,258.81,309.8
7/23/2025,563.81,170.78,260.29,312.41
7/24/2025,565.01,173.74,261.39,312.3
7/25/2025,566.37,173.5,261.99,313.69
7/28/2025,568.14,176.75,264.08,313.6
7/29/2025,567.26,175.51,264.09,312.61
7/30/2025,568.02,179.27,264.68,312.25
7/31/2025,565.01,177.87,262.74,310.89
8/1/2025,553.88,173.72,257.07,305.74
8/4/2025,564.1,180,262.29,310.53
8/5/2025,560.27,178.26,260.12,309.16
8/6/2025,567.32,179.42,263.05,311.25
8/7/2025,569.24,180.77,263.29,311.07
8/8/2025,574.55,182.7,265.92,313.03
8/11/2025,572.85,182.06,264.12,312.31
8/12/2025,580.05,183.16,268.21,316.13
8/13/2025,580.34,181.59,268.31,317.66
8/14/2025,579.89,182.02,267.73,317.19
8/15/2025,577.34,180.45,265.7,316.47
8/18/2025,577.11,182.01,266.27,316.59
8/19/2025,569.28,175.64,261.62,314.67
8/20/2025,565.9,175.4,259.85,313.84
8/21/2025,563.28,174.98,258.91,312.76
8/22/2025,571.97,177.99,262.42,318.18
8/25/2025,570.32,179.81,261.83,316.65
8/26/2025,572.61,181.77,263.03,318.09
8/27/2025,573.49,181.6,264.45,318.94
8/28/2025,577.08,180.17,266.54,320.1
8/29/2025,570.4,174.18,262.45,318.2
9/2/2025,565.62,170.78,259.8,315.99
9/3/2025,570.07,170.62,261.35,317.33
9/4/2025,575.23,171.66,262.64,320.14
9/5/2025,576.06,167.02,262.86,319.55
9/8/2025,578.87,168.31,264.83,320.57
9/9/2025,580.51,170.76,265.34,320.98
9/10/2025,580.7,177.33,270.15,321.8
9/11/2025,584.08,177.17,271.06,324.78
9/12/2025,586.66,177.82,270.88,324.31
9/15/2025,591.68,177.75,273.32,325.89
9/16/2025,591.18,174.88,272.37,325.45
9/17/2025,590,170.29,271.43,325.16
9/18/2025,595.32,176.24,276.12,327.21
9/19/2025,599.35,176.67,278.92,328.44
9/22/2025,602.2,183.61,282.66,329.86
9/23/2025,598.2,178.43,280.22,328.09
9/24/2025,596.1,176.97,278.49,326.89
9/25/2025,593.53,177.69,278,325.14
9/26/2025,595.97,178.19,278.84,327.18
9/29/2025,598.73,181.85,140.165,327.1
9/30/2025,600.37,186.58,140.93,328.17
10/1/2025,603.25,187.24,142.31,329.31
10/2/2025,605.73,188.89,143.08,329.79
10/3/2025,603.18,187.62,142.36,329.97
10/6/2025,607.71,185.54,143.8,331.21
10/7/2025,604.51,185.04,142.84,329.62
10/8/2025,611.44,189.11,145.345,331.81
10/9/2025,610.7,192.57,145.1,330.66
10/10/2025,589.5,183.16,139.195,321.8
10/13/2025,602.01,188.32,142.585,326.93
10/14/2025,598,180.03,140.755,326.83
10/15/2025,602.22,179.83,142.15,328.38
10/16/2025,599.99,181.81,142.255,325.77
10/17/2025,603.93,183.22,142.505,327.3
10/20/2025,611.54,182.64,144.095,330.95
10/21/2025,611.38,181.16,144.17,330.91
10/22/2025,605.49,180.28,142.745,328.9
10/23/2025,610.58,182.16,144.545,331.01
10/24/2025,617.1,186.26,146.79,333.71
10/27/2025,628.09,191.49,149.5,337.43
10/28/2025,632.92,201.03,150.98,337.95
10/29/2025,635.77,207.04,152.065,337.71
10/30/2025,626.05,202.89,150.195,334.08
10/31/2025,629.07,202.49,150.34,335.42
11/3/2025,632.08,206.88,150.955,335.8
11/4/2025,619.25,198.69,146.97,331.74
11/5/2025,623.28,195.21,147.545,333.16
11/6/2025,611.67,188.08,144.58,329.37
11/7/2025,609.74,188.15,144.08,330.09
11/10/2025,623.23,199.05,147.765,334.92
11/11/2025,621.57,193.16,146.505,335.74
11/12/2025,621.08,193.8,146.96,335.86
11/13/2025,608.4,186.86,143.295,329.91
11/14/2025,608.86,190.17,144.075,329.86
11/17/2025,603.66,186.6,141.82,326.43
11/18/2025,596.31,181.36,139.515,324.22
11/19/2025,599.87,186.52,140.485,325.28
11/20/2025,585.67,180.64,136.075,320.1
11/21/2025,590.07,178.88,136.6,323.8
11/24/2025,605.16,182.55,139.855,328.64
11/25/2025,608.89,177.82,140.23,332.16
11/26/2025,614.27,180.26,141.89,334.44
11/28/2025,619.25,177,143.11,336.31
12/1/2025,617.17,179.92,143.175,334.66
12/2/2025,622,181.46,144.65,335.06
12/3/2025,623.52,179.59,144.995,336.56
12/4/2025,622.94,183.38,145.535,337.09
12/5/2025,625.48,182.41,146.6,337.56
12/8/2025,624.28,185.55,147.63,336.57
12/9/2025,625.05,184.97,148.02,336.23
12/10/2025,627.61,183.78,148.73,338.73
12/11/2025,625.58,180.93,147.97,339.87
12/12/2025,613.62,175.02,143.69,335.99
12/15/2025,610.54,176.29,142.3,335.33
12/16/2025,611.75,177.72,142.56,334.36
12/17/2025,600.41,170.94,139.39,330.71
12/18/2025,609.11,174.14,141.54,333.25
12/19/2025,617.05,180.99,144.6,336.22
12/22/2025,619.21,183.69,145.16,337.6
12/23/2025,622.11,189.21,145.95,338.72
12/24/2025,623.93,188.61,146.3,339.88
12/26/2025,623.89,190.53,146.53,339.67
12/29/2025,620.87,188.22,145.87,338.39
12/30/2025,619.43,187.54,145.41,337.85
12/31/2025,614.31,186.5,143.97,335.27
1/2/2026,613.12,188.85,144.3,336.31
1/5/2026,617.99,188.12,144.62,338.84
1/6/2026,623.42,187.24,146.65,341.21
1/7/2026,624.02,189.11,146.53,340.05
1/8/2026,620.47,185.04,144.24,340.14
1/9/2026,626.65,184.86,146.15,342.4
1/12/2026,627.17,184.94,146.79,343.03
1/13/2026,626.24,185.81,146.48,342.34
1/14/2026,619.55,183.14,144.7,341
1/15/2026,621.78,187.05,145.46,342.05
1/16/2026,621.26,186.23,145.62,341.85
1/20/2026,608.06,178.07,141.84,335.11
1/21/2026,616.28,183.32,143.81,339.08
1/22/2026,620.76,184.84,144.88,340.87
1/23/2026,622.72,187.67,145.09,340.56
1/26/2026,625.46,186.47,146.08,342.03
1/27/2026,631.13,188.52,148.05,343.27
1/28/2026,633.22,191.52,149.23,343.08
1/29/2026,629.43,192.51,146.87,342.29
1/30/2026,621.87,191.13,143.88,340.57
2/2/2026,626.14,185.61,145.26,342.48
2/3/2026,616.52,180.34,142.08,339.85
2/4/2026,605.75,174.19,138.12,338.25
2/5/2026,597.03,171.88,135.63,333.9
2/6/2026,609.65,185.41,141.13,340.96
2/9/2026,614.32,190.04,143.35,342.64
2/10/2026,611.47,188.54,142.55,341.8
2/11/2026,613.11,190.05,142.97,341.47
2/12/2026,600.64,186.94,139.21,336.01
2/13/2026,601.92,182.81,139.56,336.65
2/17/2026,601.3,184.97,139.48,337.07
2/18/2026,605.79,187.98,140.91,338.83
2/19/2026,603.47,187.9,140.21,338.19
2/20/2026,608.81,189.82,140.88,340.27
2/23/2026,601.41,191.55,138.52,336.46
2/24/2026,607.87,192.85,140.32,339.21
2/25/2026,616.68,195.56,143.01,341.83
2/26/2026,609.24,184.89,141.01,340.49
2/27/2026,607.29,177.19,138.76,338.77
3/2/2026,608.09,182.48,139.54,339.12
3/3/2026,601.58,180.05,137.5,335.73
3/4/2026,610.75,183.04,139.84,338.19
3/5/2026,608.91,183.34,140.18,336
3/6/2026,599.75,177.82,137.29,331.41
3/9/2026,607.76,182.65,139.76,334.28
3/10/2026,607.77,184.77,139.76,333.51
3/11/2026,607.69,186.03,140.43,333.24
3/12/2026,597.26,183.14,137.84,327.92
3/13/2026,593.72,180.25,136.8,326.13
3/16/2026,600.38,183.22,138.78,329.46
3/17/2026,603.31,181.93,139.54,330.57
3/18/2026,594.9,180.4,137.96,326.02
3/19/2026,593.02,178.56,138.43,325.44
3/20/2026,582.06,172.7,135.29,320.34
3/23/2026,588,175.64,136.95,324.19
3/24/2026,583.98,175.2,136.15,323.18
3/25/2026,587.82,178.68,136.76,325.15
3/26/2026,573.79,171.24,132.5,319.55
3/27/2026,562.58,167.52,129.92,313.09
3/30/2026,558.28,165.17,127.5,311.68
3/31/2026,577.18,174.4,132.9,320.81
4/1/2026,584.31,175.75,134.91,323.24
4/2/2026,584.98,177.39,135.99,323.76
4/6/2026,588.5,177.64,136.78,325.21
4/7/2026,588.59,178.1,137.43,325.43
4/8/2026,606.09,182.08,141.69,333.7
4/9/2026,610.19,183.91,142.07,335.45
4/10/2026,611.07,188.63,142.62,335.05
4/13/2026,617.39,189.31,145.61,338.67
4/14/2026,628.6,196.51,147.94,342.65
4/15/2026,637.4,198.87,150.3,345.24
4/16/2026,640.47,198.35,152.02,346.03
4/17/2026,648.85,201.68,154.35,350.53
4/20/2026,646.79,202.06,154.56,350.21
4/21/2026,644.33,199.88,154.69,347.84
4/22/2026,655.11,202.5,158.09,351.22
4/23/2026,651.42,199.64,155.84,349.8
4/24/2026,663.88,208.27,160.22,352.05
4/27/2026,664.23,216.61,160.57,352.53
4/28/2026,657.55,213.17,157.85,350.63
4/29/2026,661.57,209.25,159.11,350.21
4/30/2026,667.74,199.57,159.5,354.18
5/1/2026,674.15,198.45,161.87,355.29
5/4/2026,672.88,198.48,162.05,353.98
5/5/2026,681.61,196.5,165.63,356.99
5/6/2026,695.77,207.83,170.03,361.86
5/7/2026,694.94,211.5,169.69,360.2
5/8/2026,711.23,215.2,175.52,362.87
5/11/2026,713.29,219.44,177.88,363.63
5/12/2026,707.24,220.78,175.2,362.79
5/13/2026,714.71,225.83,176.85,364.71
5/14/2026,719.79,235.74,179.5,367.4
5/15/2026,708.93,225.32,176.26,362.74
5/18/2026,705.88,222.32,174.36,362.36
5/19/2026,701.53,220.61,173.24,360.06
5/20/2026,713.15,223.47,177.14,364.19
5/21/2026,714.51,219.51,178.6,365.09
5/22/2026,717.54,215.33,180.39,366.79
5/26/2026,730.28,214.86,185.14,369.46
5/27/2026,729.45,212.6,184.43,369.36
5/28/2026,735.6,214.25,186.85,371.66
5/29/2026,738.31,211.14,191.02,372.54
